"","Little Grebe","Great Crested Grebe","Grey Heron","White Stork","Mute Swan","Greylag Goose","Mallard","Common Merganser","European Honey Buzzard","Red Kite","Black Kite","Northern Goshawk","Eurasian Sparrowhawk","Common Buzzard","Golden Eagle","Peregrine Falcon","Eurasian Hobby","Common Kestrel","Western Capercaillie","Black Grouse","Rock Ptarmigan","Hazel Grouse","Rock Partridge","Common Quail","Common Pheasant","Water Rail","Common Moorhen","Eurasian Coot","Northern Lapwing","Common Sandpiper","Eurasian Woodcock","Yellow-legged Gull","Feral Pigeon","Stock Dove","Common Wood Pigeon","European Turtle Dove","Eurasian Collared Dove","Common Cuckoo","Scops Owl","Eurasian Pygmy Owl","Tawny Owl","Long-eared Owl","Boreal Owl","Alpine Swift","Common Swift","Common Kingfisher","Eurasian Wryneck","European Green Woodpecker","Grey-headed Woodpecker","Black Woodpecker","Great Spotted Woodpecker","Middle Spotted Woodpecker","Lesser Spotted Woodpecker","Eurasian Three-toed Woodpecker","Woodlark","Eurasian Skylark","Barn Swallow","Eurasian Crag Martin","Common House Martin","Eurasian Golden Oriole","Northern Raven","Carrion/Hooded Crow","Rook","Western Jackdaw","Eurasian Magpie","Spotted Nutcracker","Eurasian Jay","Red-billed Chough","Alpine Chough","Great Tit","Blue Tit","Coal Tit","European Crested Tit","Marsh Tit","Willow Tit","Long-tailed Bushtit","Eurasian Nuthatch","Eurasian Treecreeper","Short-toed Treecreeper","Wallcreeper","White-throated Dipper","Winter Wren","European Robin","Common Nightingale","Black Redstart","Common Redstart","Whinchat","Eurasian Stonechat","Northern Wheatear","Rufous-tailed Rock Thrush","Ring Ouzel","Common Blackbird","Fieldfare","Song Thrush","Mistle Thrush","Common Grasshopper Warbler","Savi's Warbler","Eurasian Reed Warbler","Marsh Warbler","Melodious Warbler","Icterine Warbler","Eurasian Blackcap","Garden Warbler","Common Whitethroat","Lesser Whitethroat","Willow Warbler","Common Chiffchaff","Western Bonelli's Warbler","Wood Warbler","Goldcrest","Firecrest","Spotted Flycatcher","European Pied Flycatcher","Collared Flycatcher","Dunnock","Alpine Accentor","Meadow Pipit","Tawny Pipit","Tree Pipit","Water Pipit","White Wagtail","Grey Wagtail","Western Yellow Wagtail","Red-backed Shrike","Common Starling","House Sparrow","Italian Sparrow","Eurasian Tree Sparrow","White-winged Snowfinch","Hawfinch","European Greenfinch","European Goldfinch","Eurasian Siskin","Common Linnet","Lesser Redpoll","Citril Finch","European Serin","Eurasian Bullfinch","Red Crossbill","Common Chaffinch","Corn Bunting","Yellowhammer","Cirl Bunting","Rock Bunting","Common Reed Bunting"
"Q001",0,0,0,0,0,0,0,0,0,0,3,0,0,0,0,0,0,1,0,0,0,0,0,0,0,0,0,0,0,0,0,0,3,1,3,0,3,0,0,0,0,0,0,0,2,0,0,0,0,0,3,0,0,0,0,0,0,0,2,0,0,3,0,0,3,0,2,0,0,3,3,0,0,0,0,0,2,0,3,0,0,0,3,0,3,1,0,0,0,0,0,3,0,0,0,0,0,0,0,0,0,3,0,0,0,0,0,0,0,0,1,1,0,0,0,0,0,0,0,0,3,0,0,0,3,3,0,0,0,0,3,3,0,0,0,0,3,0,0,2,0,0,0,0,0
"Q002",0,0,0,0,0,0,0,0,0,0,3,0,0,1,0,0,0,0,0,0,0,0,0,0,0,0,0,0,0,0,0,0,0,0,3,0,0,1,0,0,0,0,0,0,0,0,0,3,0,0,3,0,0,0,0,3,2,0,2,0,0,3,0,0,0,0,2,0,0,3,3,0,0,0,0,0,3,0,3,0,0,3,3,0,3,0,0,0,0,0,0,3,0,3,0,0,0,0,0,0,0,3,0,0,0,0,3,0,0,0,3,1,1,0,0,0,0,0,0,0,3,0,0,0,3,3,0,0,0,0,3,3,0,0,0,0,2,0,0,3,0,0,0,0,0
"Q003",0,0,0,0,0,0,3,0,1,1,1,0,0,2,0,0,0,2,0,0,0,0,0,0,0,0,0,2,0,0,0,0,0,1,3,0,0,1,0,0,0,0,0,0,0,0,0,0,0,2,1,0,0,0,0,0,2,0,2,0,0,3,0,0,0,0,2,0,0,3,2,3,3,3,3,1,2,1,0,0,0,3,3,0,3,0,1,0,0,0,1,3,3,3,3,0,0,0,2,0,0,3,0,0,0,3,3,0,1,3,3,0,0,0,2,0,0,0,3,0,3,0,0,1,0,3,0,0,0,0,1,0,0,0,0,0,0,3,1,3,0,0,0,0,2
"Q004",0,0,0,0,0,0,0,0,0,0,2,0,1,1,0,0,0,0,0,0,0,0,0,1,0,0,0,0,0,0,0,0,0,1,3,0,0,0,0,0,0,0,0,0,0,0,0,1,0,0,2,0,0,0,0,2,2,0,1,0,0,3,0,0,3,0,2,0,0,3,3,3,1,0,0,0,0,0,1,0,0,3,2,0,3,1,0,0,0,0,0,3,0,1,2,0,0,1,0,0,0,3,2,0,0,0,2,0,0,1,1,0,0,0,0,0,0,0,0,0,0,0,0,0,3,3,0,3,0,0,2,1,0,0,0,0,2,0,0,3,0,3,0,0,0
"Q005",0,0,0,0,0,0,0,0,0,2,2,0,0,2,0,0,0,2,0,0,0,0,0,0,0,0,0,0,0,0,0,0,0,0,3,0,0,0,0,0,0,0,0,0,0,0,0,3,0,1,1,0,0,0,0,0,1,0,1,0,0,3,0,0,0,0,2,0,0,3,2,3,3,1,1,0,3,2,0,0,0,3,3,0,3,0,0,0,0,0,2,3,3,3,3,0,0,0,0,0,0,2,1,0,0,1,2,0,1,3,3,0,0,0,2,0,0,0,0,0,3,0,0,1,3,1,0,0,0,0,2,2,0,0,0,0,1,0,0,3,0,0,0,0,0
"Q006",0,0,0,0,0,0,0,0,0,0,3,0,0,2,0,0,1,3,0,0,0,0,0,0,0,0,0,0,0,0,0,0,1,0,3,0,2,0,0,0,0,0,0,0,2,0,0,3,0,0,0,0,0,0,0,3,3,0,1,0,0,3,0,0,3,0,1,0,0,3,3,0,0,1,0,0,2,0,2,0,0,0,3,0,3,1,0,3,0,0,0,3,0,0,0,0,0,0,0,0,0,3,1,3,0,0,0,0,0,0,0,1,0,0,0,0,0,0,0,0,1,0,0,3,3,3,0,2,0,0,2,3,0,3,0,0,3,0,0,3,1,3,0,0,0
"Q007",0,0,0,0,0,0,0,0,0,1,1,0,0,1,0,0,0,2,0,0,0,0,0,0,0,0,0,0,0,0,0,0,0,0,3,0,0,0,0,0,0,0,0,0,2,0,0,0,0,0,1,0,0,0,0,3,2,0,2,0,1,3,0,0,3,0,3,0,0,3,3,0,0,0,0,0,1,0,0,0,0,1,0,0,3,0,0,0,0,0,0,3,0,0,2,0,0,0,0,0,0,3,0,0,0,0,2,0,0,0,1,0,0,0,0,0,0,0,0,0,3,0,0,0,3,3,0,3,0,0,3,2,0,2,0,0,1,0,0,3,0,3,0,0,0
"Q008",0,0,0,0,0,0,0,0,0,3,2,0,0,3,0,0,0,2,0,0,0,0,0,0,0,0,0,0,0,0,0,0,0,0,3,0,0,2,0,0,0,0,0,0,0,0,0,1,0,0,3,0,0,0,0,3,0,0,0,1,1,3,0,0,0,0,3,0,0,3,3,3,2,2,0,0,3,0,0,0,0,3,3,0,0,0,0,0,0,0,0,3,1,3,3,0,0,0,0,0,0,3,0,0,0,2,3,0,0,3,3,0,0,0,0,0,0,0,0,0,0,0,0,0,1,0,0,0,0,0,3,0,0,0,0,0,1,0,0,3,0,3,0,0,0
"Q009",0,0,0,0,0,0,0,0,0,0,3,1,1,3,0,0,0,2,0,0,0,0,0,0,0,0,0,0,0,0,0,0,2,0,3,0,3,0,0,0,0,0,0,0,0,0,0,1,0,1,2,0,1,0,0,3,3,0,2,0,0,3,0,0,2,0,0,0,0,3,3,0,0,1,0,1,2,2,2,0,0,1,3,0,3,0,0,0,0,0,0,3,0,3,2,0,0,0,0,0,0,3,0,0,0,0,3,0,0,0,1,0,0,0,0,0,0,0,0,0,3,0,0,0,3,3,0,3,0,0,2,3,0,2,0,0,0,0,0,3,0,3,0,0,0
"Q010",0,0,0,0,0,0,0,0,0,0,3,0,0,3,0,0,0,0,0,0,0,0,0,0,0,0,0,0,0,0,0,0,0,3,3,0,0,2,0,0,0,0,0,0,0,0,0,1,0,0,2,0,0,0,0,3,0,0,0,2,0,3,0,0,0,0,3,0,0,3,3,3,3,2,0,1,2,0,2,0,0,3,3,0,0,0,0,0,0,0,0,3,0,2,2,0,0,0,0,0,0,3,2,0,0,0,3,0,0,0,3,1,0,0,1,0,0,0,0,0,0,0,0,0,3,0,0,0,0,0,1,0,0,1,0,0,0,0,0,3,0,3,0,0,0
"Q011",0,0,0,0,0,0,0,0,0,1,1,0,0,2,0,0,0,0,0,0,0,1,0,0,0,0,0,0,0,0,0,0,0,0,3,0,0,0,0,0,0,0,0,0,0,0,0,0,0,1,0,0,0,0,0,0,3,0,3,0,0,3,0,0,1,0,3,0,0,3,2,3,0,2,1,0,0,2,0,0,0,3,3,0,3,0,0,0,0,0,0,3,3,3,3,0,0,0,0,0,0,3,0,0,0,1,2,0,1,1,3,0,0,0,1,0,0,0,0,0,3,0,0,1,3,2,0,0,0,0,0,3,0,0,0,0,0,3,1,3,0,2,0,0,0
"Q012",0,0,0,0,0,0,0,0,0,0,2,0,0,3,0,0,0,1,0,0,0,0,0,0,0,0,0,0,0,0,0,0,0,1,3,0,0,0,0,0,1,0,0,0,0,0,0,0,0,2,3,0,0,0,0,0,0,0,0,0,0,3,0,0,2,0,3,0,0,3,3,3,2,3,0,0,3,2,1,0,0,3,3,0,3,0,0,0,0,0,0,3,2,3,2,0,0,0,0,0,0,3,0,0,0,0,3,0,0,3,3,0,2,0,1,0,0,0,0,0,3,0,0,0,3,3,0,2,0,2,2,0,0,0,0,0,1,2,0,3,0,3,0,0,0
"Q013",0,0,0,0,0,0,0,0,0,0,0,0,0,0,0,0,0,0,0,0,0,0,0,0,0,0,0,0,0,0,0,0,0,0,3,0,0,0,0,0,0,0,0,0,0,0,0,0,0,0,0,0,0,0,0,0,0,0,0,0,0,0,0,0,0,0,2,0,0,3,1,3,1,3,0,0,1,3,0,0,0,3,3,0,2,1,0,0,0,0,0,3,0,3,3,0,0,0,0,0,0,3,0,0,0,0,1,0,1,3,3,0,0,0,1,0,0,0,3,0,0,0,0,0,0,0,0,0,0,0,0,0,0,0,0,0,0,0,0,3,0,0,0,0,0
"Q014",0,0,0,0,0,0,0,0,0,0,3,0,1,3,0,0,0,0,0,0,0,0,0,0,0,0,0,0,0,0,0,0,2,1,3,0,3,0,0,0,0,0,0,0,0,0,0,3,0,0,3,0,1,0,0,0,2,0,2,0,0,3,0,0,3,0,2,0,0,3,3,1,2,2,0,3,3,0,2,0,0,3,3,0,3,0,0,0,0,0,0,3,0,2,1,0,0,0,0,0,0,3,1,0,0,1,3,0,0,0,3,0,0,0,0,0,0,0,0,0,0,0,0,0,3,3,0,3,0,0,3,2,0,1,0,0,0,0,0,3,0,3,1,0,0
"Q015",0,0,0,0,0,0,0,0,0,0,3,0,0,3,0,0,2,1,0,0,0,0,0,0,0,0,0,0,0,0,0,0,0,2,3,0,0,1,0,0,0,0,0,0,0,0,0,2,0,1,3,0,0,0,0,3,3,0,0,2,0,3,0,0,0,0,2,0,0,3,3,2,2,3,0,1,3,1,3,0,0,3,2,0,2,0,0,3,0,0,0,3,0,0,2,0,0,0,0,0,0,3,1,0,0,0,3,0,0,2,3,1,0,0,3,0,0,0,0,0,3,0,0,0,3,2,0,3,0,0,1,2,0,0,0,0,1,0,0,3,0,3,0,0,0
"Q016",0,0,0,0,0,0,0,0,0,0,3,0,0,3,0,0,0,0,0,0,0,0,0,0,0,0,0,0,0,0,0,0,0,0,3,0,0,0,0,0,0,0,0,0,0,0,0,1,0,1,1,0,0,0,0,0,1,0,0,0,1,3,0,0,0,0,2,0,0,3,2,3,0,1,0,0,1,2,2,0,0,3,3,0,3,1,0,0,0,0,0,3,3,3,2,0,0,0,0,0,0,3,0,0,0,0,3,0,0,3,3,0,0,0,2,0,0,0,0,0,1,0,0,0,2,0,0,0,0,0,2,2,0,0,0,0,2,2,0,3,0,0,0,0,0
"Q017",0,0,0,0,0,0,0,0,0,1,0,0,0,3,0,0,0,2,0,0,0,0,0,0,0,0,0,0,0,0,0,0,0,1,3,0,0,0,0,0,0,0,0,0,0,0,0,1,0,2,3,0,0,0,0,3,3,0,0,0,1,3,0,0,0,0,3,0,0,3,3,2,1,3,0,2,3,1,0,0,0,3,3,0,3,0,0,0,0,0,0,3,1,3,3,0,0,0,0,0,0,3,1,0,0,0,3,0,0,2,3,0,0,0,2,0,0,0,0,0,3,0,0,0,3,2,0,0,0,1,1,0,0,0,0,0,0,0,3,3,0,3,0,0,0
"Q018",0,0,0,0,0,0,0,0,0,2,0,0,0,3,0,0,0,0,0,0,0,0,0,0,0,0,0,0,0,0,0,0,0,0,3,0,0,1,0,0,0,0,0,0,0,0,0,0,0,1,2,0,0,0,2,2,0,0,0,0,1,2,0,0,1,3,2,0,0,3,2,3,1,2,0,0,1,3,1,0,0,3,3,0,3,3,0,0,0,0,2,3,2,3,3,0,0,0,0,0,0,3,0,0,0,0,3,2,0,3,3,0,1,0,3,0,0,0,3,0,3,0,0,0,2,0,0,0,0,0,1,2,0,1,0,0,0,2,0,3,0,3,0,0,0
"Q019",0,0,0,0,0,0,0,0,0,0,0,0,0,2,0,0,0,0,0,0,0,0,0,0,0,0,0,0,0,0,0,0,0,0,2,0,0,0,0,0,0,0,0,0,0,0,0,0,0,0,2,0,0,0,0,0,0,0,0,0,3,3,0,0,0,2,3,0,0,3,3,3,3,2,3,0,1,3,0,0,0,3,3,0,3,0,0,0,0,0,0,3,0,3,3,0,0,0,0,0,0,3,0,0,0,0,3,0,2,3,3,1,0,0,3,0,0,0,3,0,3,0,0,0,2,0,0,0,0,2,1,3,1,0,0,0,0,3,1,3,0,0,0,0,0
"Q020",0,0,0,0,0,0,3,0,1,1,2,0,0,3,0,0,0,3,0,0,0,0,0,0,0,0,0,0,0,0,0,0,0,0,3,0,0,1,0,0,0,0,0,0,0,0,0,0,0,0,3,0,0,0,0,0,0,0,0,1,0,3,0,0,3,0,3,0,0,3,3,3,2,2,0,0,2,1,3,0,0,3,3,3,3,0,0,0,0,0,0,3,0,3,0,0,0,0,1,0,0,3,0,0,0,0,3,0,0,3,3,0,0,0,1,0,0,0,0,0,3,1,0,0,2,3,0,1,0,1,3,1,0,0,0,0,1,1,0,3,0,0,0,0,0
"Q021",0,0,0,0,0,0,0,0,0,2,1,0,0,0,0,0,0,0,0,0,0,0,0,0,0,0,0,0,0,0,0,0,0,0,3,0,0,0,0,0,0,0,0,0,0,0,0,3,0,0,3,0,0,0,0,0,3,0,0,0,1,3,0,0,3,0,3,0,0,3,3,2,0,2,0,2,3,1,3,0,1,3,3,0,3,0,0,0,0,0,0,3,3,3,3,0,0,0,0,0,0,3,1,0,0,0,3,0,0,0,3,0,1,0,0,0,0,0,0,0,3,1,0,0,3,3,0,0,0,0,3,1,0,0,0,0,1,0,0,3,0,0,0,0,0
"Q022",0,0,0,0,0,0,1,0,0,3,3,0,0,2,0,0,0,1,0,0,0,0,0,0,0,0,0,0,0,0,0,0,0,0,3,0,0,0,0,0,0,0,0,0,0,0,0,0,0,0,3,0,0,0,0,0,0,0,0,0,1,3,0,0,1,0,1,0,0,3,3,2,2,0,0,0,1,1,0,0,0,2,2,0,3,0,0,0,0,0,0,3,3,1,1,0,0,0,0,0,0,3,0,0,0,0,1,0,0,0,3,0,1,0,0,0,0,0,0,0,3,0,0,0,3,1,0,2,0,0,2,1,0,1,0,0,0,0,1,3,0,3,0,0,0
"Q023",0,0,0,0,0,0,0,0,1,2,1,0,0,3,0,0,0,3,0,0,0,0,0,1,0,0,0,0,0,0,0,0,0,2,3,0,1,0,0,0,0,0,0,0,0,0,0,3,0,1,3,0,0,0,0,3,0,0,0,0,1,3,0,0,0,0,3,0,0,3,3,3,3,3,0,1,3,1,2,0,0,3,3,0,1,0,0,0,0,0,0,3,0,3,3,0,0,0,0,0,0,3,0,0,0,0,3,0,0,3,3,1,0,0,0,0,0,0,0,0,2,0,0,0,3,2,0,3,0,1,1,1,0,1,0,0,0,0,0,3,0,3,0,0,0
"Q024",0,0,0,0,3,0,2,0,0,1,3,0,0,2,0,0,0,2,0,0,0,0,0,0,0,0,0,3,0,0,0,0,0,2,3,0,0,0,0,0,0,0,0,0,0,0,0,0,0,0,2,0,0,0,0,2,3,2,0,0,1,3,0,0,2,0,2,0,0,3,3,0,0,2,0,2,3,0,3,0,0,1,2,0,3,0,0,0,0,0,0,3,0,3,0,0,0,0,0,1,0,3,0,0,0,0,2,0,0,0,0,0,0,0,0,0,0,0,0,0,1,0,0,0,1,3,0,2,0,0,3,3,0,1,0,0,0,0,0,3,0,0,0,0,0
"Q025",0,0,0,0,0,0,0,0,0,0,0,0,0,0,0,0,0,0,0,0,0,0,0,0,0,0,0,0,0,0,0,0,0,0,3,0,0,3,0,0,0,0,0,0,0,0,0,0,0,1,2,0,0,0,0,0,0,0,0,0,1,0,0,0,0,2,3,0,0,3,0,3,3,0,3,0,1,3,0,0,0,3,3,0,3,0,0,0,0,0,3,3,0,3,1,0,0,0,0,0,0,3,1,0,0,0,3,1,0,3,3,0,0,0,3,0,0,0,3,2,0,0,0,0,0,0,0,0,0,0,0,0,0,1,0,2,0,2,2,3,0,0,0,0,0
"Q026",0,0,0,0,0,0,1,0,0,0,3,0,0,0,0,0,0,0,0,0,0,0,0,0,0,0,0,1,0,0,0,3,0,0,3,0,3,0,0,0,0,0,0,0,2,0,0,2,0,1,3,1,0,0,0,0,1,0,3,0,0,3,0,0,2,0,0,0,0,3,3,3,1,3,0,2,3,3,3,0,0,3,3,1,3,0,0,0,0,0,0,3,0,3,0,0,0,1,0,0,0,3,2,0,0,0,3,0,0,1,3,2,2,0,0,0,0,0,0,0,3,0,0,0,3,3,0,0,0,2,3,0,0,1,0,0,3,0,0,3,0,0,0,0,0
"Q027",0,0,0,0,0,0,0,0,0,0,0,0,0,1,0,0,0,0,0,0,0,0,0,0,0,0,0,0,0,0,0,0,0,0,3,0,0,0,0,0,0,0,0,0,0,0,0,1,0,0,2,0,0,0,0,0,2,0,3,0,0,3,0,0,1,0,1,0,0,3,1,3,3,2,1,0,2,2,2,0,0,3,3,0,3,1,0,0,0,0,0,3,3,3,3,0,0,0,0,0,0,3,0,0,0,0,1,0,0,3,3,2,0,0,3,0,0,0,0,0,3,0,0,0,2,3,0,0,0,1,3,3,1,1,0,0,3,2,3,3,0,3,0,0,0
"Q028",0,0,0,0,0,0,0,0,0,0,0,0,1,1,0,0,0,0,0,0,0,0,0,0,0,0,0,0,0,0,0,0,0,0,1,0,0,2,0,1,0,0,0,0,0,0,0,1,0,2,1,0,0,0,0,0,0,0,0,0,1,0,0,0,0,3,3,0,0,3,1,3,3,0,0,0,2,1,0,0,0,3,3,0,2,0,0,0,0,0,3,3,0,3,3,0,0,0,0,0,0,3,0,0,0,0,3,3,0,3,3,0,0,0,3,0,0,0,3,0,0,1,0,0,0,0,0,0,0,0,0,1,0,2,0,3,0,3,1,3,0,0,0,0,0
"Q029",0,0,0,0,0,0,0,0,0,2,2,0,0,3,0,0,0,2,0,0,0,0,0,0,0,0,0,0,0,0,0,0,0,0,3,0,0,0,0,0,0,0,0,0,0,0,0,1,0,1,2,0,0,0,0,1,2,0,0,0,0,3,0,0,0,0,2,0,0,3,3,1,1,2,0,0,2,0,0,0,0,3,3,0,3,0,0,0,0,0,0,2,3,3,3,0,0,0,0,0,0,3,0,0,0,0,2,0,0,1,3,0,1,0,0,0,0,0,0,0,3,1,0,0,2,3,0,2,0,0,1,1,0,2,0,0,0,0,2,3,0,0,0,0,0
"Q030",NA,NA,NA,NA,NA,NA,NA,NA,NA,NA,NA,NA,NA,NA,NA,NA,NA,NA,NA,NA,NA,NA,NA,NA,NA,NA,NA,NA,NA,NA,NA,NA,NA,NA,NA,NA,NA,NA,NA,NA,NA,NA,NA,NA,NA,NA,NA,NA,NA,NA,NA,NA,NA,NA,NA,NA,NA,NA,NA,NA,NA,NA,NA,NA,NA,NA,NA,NA,NA,NA,NA,NA,NA,NA,NA,NA,NA,NA,NA,NA,NA,NA,NA,NA,NA,NA,NA,NA,NA,NA,NA,NA,NA,NA,NA,NA,NA,NA,NA,NA,NA,NA,NA,NA,NA,NA,NA,NA,NA,NA,NA,NA,NA,NA,NA,NA,NA,NA,NA,NA,NA,NA,NA,NA,NA,NA,NA,NA,NA,NA,NA,NA,NA,NA,NA,NA,NA,NA,NA,NA,NA,NA,NA,NA,NA
"Q031",0,0,0,0,0,0,0,0,0,0,2,0,0,1,0,0,0,1,0,0,0,0,0,0,0,0,0,0,0,0,0,0,0,0,3,0,0,1,0,0,0,0,0,0,1,0,0,0,0,1,2,0,0,0,0,3,3,0,2,2,0,3,0,0,1,0,1,0,0,3,3,3,0,3,0,0,1,0,3,0,0,3,3,0,3,0,0,0,0,0,0,3,0,3,3,0,0,0,0,0,0,3,2,2,0,0,3,0,0,3,3,1,0,0,3,0,0,0,0,0,2,0,0,0,3,3,0,1,0,0,3,0,0,3,0,0,1,0,0,3,0,3,0,0,0
"Q032",0,0,0,0,0,0,0,0,0,2,0,0,0,3,0,0,0,1,0,0,0,0,0,0,0,0,0,0,0,0,0,0,0,0,3,0,0,0,0,0,0,0,0,0,0,0,0,2,0,2,3,1,0,0,0,0,0,0,0,0,0,3,0,0,3,0,3,0,0,3,3,3,1,3,1,2,3,3,0,0,0,3,3,0,3,0,0,0,0,0,0,3,2,3,3,0,0,0,0,0,0,3,2,0,0,3,3,2,2,3,3,2,2,0,3,0,0,0,2,0,3,0,0,2,3,0,0,0,0,3,3,3,0,0,0,0,0,2,0,3,0,3,0,0,0
"Q033",0,0,0,0,0,0,0,0,0,0,0,0,0,0,0,0,0,0,0,0,0,2,0,0,0,0,0,0,0,0,0,0,0,0,0,0,0,0,0,0,0,0,0,0,0,0,0,1,0,2,2,0,0,0,0,0,0,3,0,0,2,0,0,0,0,2,3,0,0,3,2,3,3,0,3,0,1,3,0,0,0,3,3,0,3,0,0,0,0,0,0,3,0,3,3,0,0,0,0,0,0,3,2,0,0,0,3,3,0,3,3,0,0,0,3,0,0,0,2,0,2,3,0,0,0,0,0,0,0,0,0,0,0,0,0,0,0,1,1,3,0,0,0,0,0
"Q034",0,0,0,0,0,0,0,0,0,0,2,0,0,1,0,0,0,2,0,0,0,0,0,0,0,0,0,0,0,0,0,0,0,0,2,0,1,0,0,0,0,0,0,0,2,0,0,0,0,0,0,0,0,0,0,0,2,0,3,0,1,1,0,0,3,0,3,0,0,3,3,0,0,0,0,0,3,0,0,0,0,0,1,1,3,1,0,0,0,0,0,3,0,0,0,0,0,1,0,1,0,3,1,0,0,0,0,0,1,0,0,1,0,0,2,0,0,0,0,0,1,1,0,2,1,3,0,0,0,0,3,3,1,3,0,0,3,1,0,3,0,2,0,2,0
"Q035",0,0,0,0,0,0,0,0,0,2,1,0,0,2,0,0,0,0,0,0,0,0,0,0,0,0,0,0,0,0,0,0,0,0,2,0,0,0,0,0,0,0,0,0,0,0,0,0,0,2,1,0,0,0,0,0,2,0,2,0,0,2,0,0,0,0,2,0,0,3,1,3,3,0,3,0,1,0,0,0,1,3,3,0,3,0,0,0,0,0,0,2,2,3,3,0,0,0,0,0,0,3,1,0,0,0,3,0,0,3,3,0,0,0,3,0,0,0,3,0,3,0,0,0,0,0,0,1,0,0,0,0,0,1,0,0,0,0,0,3,0,0,0,0,0
"Q036",0,0,0,0,0,0,0,0,0,0,0,0,0,2,0,0,0,0,0,0,0,0,0,0,0,0,0,0,0,0,0,0,0,0,3,0,0,3,0,0,0,0,0,0,0,0,0,2,0,3,0,0,0,0,0,0,0,0,0,0,0,2,0,0,0,0,1,0,0,3,2,3,1,0,1,0,1,3,0,0,0,3,3,0,3,0,0,0,0,0,1,3,3,3,3,0,0,0,0,0,0,3,0,0,0,0,3,0,2,3,3,0,0,0,3,0,0,0,3,0,2,0,0,0,0,0,0,0,0,0,0,3,0,1,0,1,0,0,0,3,0,0,0,0,0
"Q037",0,0,0,0,0,0,3,3,1,3,3,0,0,2,0,0,0,1,0,0,0,0,0,0,0,0,0,0,0,0,0,3,0,0,3,0,2,0,0,0,1,0,0,0,0,0,0,2,0,1,3,0,0,0,0,0,3,3,0,0,1,3,0,0,0,0,3,0,0,3,3,3,2,1,0,0,3,2,2,0,0,3,3,0,3,0,0,0,0,0,0,3,1,3,3,0,0,0,0,0,0,3,0,0,0,0,3,0,0,3,3,2,3,0,2,0,0,0,0,0,3,1,0,0,3,3,0,1,0,0,0,0,0,0,0,0,0,2,0,3,0,0,0,0,0
"Q038",0,0,0,0,0,0,0,0,0,1,1,0,0,1,0,0,0,2,0,0,0,0,0,0,0,0,0,0,0,0,0,0,1,0,2,0,3,0,0,0,0,0,0,0,1,0,0,1,0,0,0,0,0,0,0,2,0,0,0,0,0,3,0,0,3,0,0,0,0,3,2,0,0,1,0,0,0,0,0,0,0,1,1,0,3,0,0,0,0,0,0,3,0,0,0,0,0,0,0,0,0,3,1,0,0,0,3,0,0,0,0,0,0,0,0,0,0,0,0,0,3,0,0,0,3,3,0,2,0,0,3,1,0,0,0,0,0,0,0,3,0,3,0,0,0
"Q039",0,0,0,0,0,0,0,0,0,1,1,0,0,0,0,0,0,0,0,0,0,0,0,0,0,0,0,0,0,0,0,0,0,0,2,1,3,1,0,0,0,0,0,0,0,0,0,0,0,0,0,0,0,0,0,3,2,0,0,0,0,2,0,0,2,0,0,0,0,3,3,0,0,1,0,0,0,0,0,0,0,0,0,3,3,0,0,0,0,0,0,3,0,0,0,0,0,0,0,0,0,3,1,0,0,0,0,0,0,0,3,0,0,0,0,0,0,0,0,0,3,0,0,2,3,3,0,3,0,0,3,1,0,0,0,0,3,0,0,3,0,3,0,0,0
"Q040",0,0,0,0,0,0,0,0,0,0,0,0,0,1,0,0,0,0,0,0,0,0,0,0,0,0,0,0,0,0,2,0,0,0,2,0,0,0,0,0,3,0,0,0,0,0,0,0,0,2,0,0,0,0,0,0,0,0,0,0,2,3,0,0,0,0,0,0,0,3,3,3,0,3,0,0,2,2,2,0,0,3,3,0,3,2,0,0,0,0,0,3,1,3,3,0,0,0,0,0,0,3,1,0,0,2,3,0,0,3,3,1,0,0,3,0,0,0,3,0,3,0,0,2,2,0,0,0,0,0,0,3,0,0,0,0,0,1,0,3,0,3,0,0,0
"Q041",0,0,0,0,0,0,0,0,0,1,1,0,0,3,0,0,0,1,0,0,0,0,0,0,0,0,0,0,0,0,0,0,0,0,3,0,0,0,0,0,0,0,0,0,0,0,0,2,0,0,3,0,0,0,0,0,2,0,0,0,0,3,0,0,2,0,2,0,0,3,3,3,3,3,0,0,2,3,0,0,0,3,3,0,3,3,0,0,0,0,0,3,3,3,3,0,0,0,0,0,0,3,2,0,0,0,3,0,2,3,3,1,0,0,3,0,0,0,3,0,3,0,0,2,2,2,0,0,0,0,2,1,0,0,0,0,0,2,2,3,0,3,0,0,0
"Q042",0,0,0,0,0,0,0,0,0,2,2,0,1,3,0,0,0,0,0,0,0,0,0,0,0,0,0,0,0,0,0,0,0,3,3,0,0,0,0,0,0,0,0,0,0,0,0,1,0,1,3,3,0,0,0,3,0,0,0,2,0,3,0,0,0,0,3,0,0,3,3,3,2,3,0,1,3,3,3,0,0,3,3,0,1,0,0,0,0,0,0,3,1,3,3,0,0,0,0,0,0,3,0,0,0,0,3,0,0,2,3,2,0,0,1,0,0,0,0,0,2,0,0,0,0,0,0,0,0,3,0,1,0,0,0,0,0,1,0,3,0,2,0,0,0
"Q043",0,0,0,0,0,0,0,0,0,0,0,0,0,0,0,0,0,0,0,0,0,0,0,0,0,0,0,0,0,0,0,0,0,0,0,0,0,2,0,0,0,0,0,0,0,0,0,1,0,0,0,0,0,0,0,0,0,2,0,0,0,2,0,0,1,0,1,0,0,2,0,2,1,0,2,0,0,1,0,2,1,2,2,0,2,0,2,0,2,0,0,2,2,0,2,0,0,0,2,0,0,2,2,0,2,0,2,0,0,2,0,0,0,0,2,0,0,0,2,2,0,2,0,0,0,0,0,0,0,0,0,0,1,1,2,0,0,0,0,2,0,0,0,2,0
"Q044",0,0,0,0,0,0,0,0,0,0,0,0,0,0,0,0,0,0,0,3,1,0,0,0,0,0,0,0,0,0,0,0,0,0,0,0,0,2,0,0,0,0,0,0,0,0,0,0,0,1,1,0,0,0,0,0,0,0,0,0,1,0,0,0,0,2,1,0,0,0,0,3,2,0,3,0,0,3,0,0,0,3,3,0,1,0,0,0,3,0,3,1,1,2,2,0,0,0,0,0,0,3,1,0,2,0,3,0,0,3,2,0,0,0,3,0,0,0,3,3,0,0,0,0,0,0,0,0,0,0,0,0,0,1,2,0,0,1,0,3,0,0,0,0,0
"Q045",0,0,0,0,0,0,0,0,0,0,0,0,0,0,0,0,0,0,0,0,0,0,0,0,0,0,0,0,0,0,0,0,0,0,3,0,0,2,0,0,1,0,0,0,0,0,0,2,0,3,2,0,0,0,0,0,0,0,0,0,0,0,0,0,0,2,3,0,0,3,1,3,3,0,1,1,3,2,1,0,0,3,3,0,1,0,0,0,0,0,1,3,0,3,3,0,0,0,0,0,0,3,0,0,0,0,3,2,0,3,2,0,0,0,1,0,0,0,0,0,0,0,0,0,0,0,0,0,0,0,0,3,1,0,0,0,0,3,2,3,0,0,0,0,0
"Q046",0,0,0,0,0,0,0,0,0,0,0,0,0,0,0,0,0,2,0,1,0,0,0,0,0,0,0,0,0,0,0,0,0,0,0,0,0,0,0,0,0,0,0,0,0,0,0,0,0,0,0,0,0,0,0,0,0,0,0,0,0,0,0,0,0,0,0,0,2,0,0,0,0,0,0,0,0,0,0,0,0,0,0,0,2,0,2,0,2,1,2,0,0,0,0,0,0,0,0,0,0,1,0,0,2,0,0,0,0,0,0,0,0,0,2,2,0,0,0,2,0,0,0,0,0,0,0,0,0,0,0,0,0,2,0,0,0,0,0,0,0,0,0,0,0
"Q047",0,0,0,0,0,0,0,0,0,0,0,0,1,3,0,0,0,2,0,0,0,0,0,0,0,0,0,0,0,0,0,0,0,0,1,0,0,2,0,0,0,0,0,0,0,0,0,3,0,1,0,0,0,0,0,0,0,0,0,0,0,3,0,0,1,0,1,0,0,3,0,3,3,0,3,0,0,2,0,0,0,3,3,0,3,0,0,0,0,0,0,3,3,3,3,0,0,0,0,0,0,3,0,0,0,0,3,0,0,3,3,2,0,0,3,0,0,0,3,0,3,0,0,1,0,0,0,0,0,0,0,3,0,0,0,1,0,2,1,3,0,3,0,0,0
"Q048",0,0,0,0,0,0,1,0,0,1,2,0,0,2,0,0,0,0,0,0,0,0,0,0,0,0,0,0,0,0,0,0,3,0,0,0,2,0,0,0,0,0,0,0,3,0,0,0,0,0,0,0,0,0,0,2,0,0,0,0,0,3,0,0,3,0,0,0,0,3,3,1,0,2,0,0,1,0,2,0,0,3,1,0,3,0,0,0,0,0,0,3,3,1,0,0,0,0,0,0,0,3,0,0,0,0,1,0,0,1,1,0,0,0,1,0,0,0,0,0,3,1,0,1,3,3,0,2,0,0,2,1,0,0,0,0,3,0,0,3,0,3,0,0,0
"Q049",0,0,0,0,0,0,0,0,0,0,0,0,0,0,0,0,0,1,0,1,0,0,0,0,0,0,0,0,0,0,0,0,0,0,0,0,0,0,0,0,0,0,0,0,0,0,0,0,0,0,0,0,0,0,0,0,0,0,0,0,1,0,0,0,0,0,0,0,0,0,0,0,0,0,0,0,0,0,0,0,0,2,0,0,2,0,1,0,2,2,1,0,0,0,0,0,0,0,0,0,0,0,0,0,0,0,0,0,0,0,0,0,0,0,1,2,0,0,2,2,0,0,0,0,0,0,0,0,1,0,0,0,0,2,0,0,0,0,0,0,0,0,0,0,0
"Q050",0,0,0,0,0,0,0,0,0,0,0,0,0,0,0,0,0,0,0,0,0,0,0,0,0,0,0,0,0,0,0,0,0,0,0,0,0,0,0,0,0,0,0,0,0,0,0,1,0,1,3,0,0,0,0,0,0,0,0,0,0,0,0,0,0,3,2,0,0,3,1,3,3,0,3,0,3,3,0,0,0,3,3,0,3,0,3,0,0,0,2,3,3,3,3,0,0,0,0,0,0,3,2,0,0,0,3,2,0,3,3,2,0,0,3,0,0,0,3,0,1,1,0,0,0,0,0,0,0,0,2,3,0,1,3,2,0,1,1,3,0,3,0,3,0
"Q051",0,0,0,0,0,0,0,0,0,0,0,0,0,0,0,0,0,0,0,0,0,0,0,0,0,0,0,0,0,0,0,0,0,0,0,0,0,0,0,0,0,0,0,0,0,0,0,0,0,0,0,0,0,0,0,0,0,0,0,0,0,0,0,0,0,0,0,1,2,0,0,0,0,0,0,0,0,0,0,0,0,0,0,0,2,0,0,0,2,0,2,0,0,0,0,0,0,0,0,0,0,0,0,0,0,0,0,0,0,0,0,0,0,0,0,1,0,0,0,2,0,0,0,0,0,0,0,0,2,0,0,0,0,1,0,0,0,0,0,0,0,0,0,0,0
"Q052",0,0,0,0,0,0,0,0,0,0,0,0,0,2,0,0,0,0,0,0,0,0,0,0,0,0,0,0,0,0,0,0,0,0,2,0,0,1,0,0,0,0,0,0,0,0,0,0,0,2,1,0,0,1,0,0,2,0,2,0,1,1,0,0,0,0,2,0,0,3,2,3,3,1,2,1,1,3,0,0,0,3,3,0,3,0,1,0,0,0,0,3,2,3,3,0,0,0,0,0,0,3,2,0,0,0,2,1,0,0,3,1,0,0,3,0,0,0,3,0,3,0,0,0,0,3,0,0,0,0,0,3,1,0,0,1,0,1,2,3,0,0,0,0,0
"Q053",0,0,0,0,0,0,0,0,0,1,0,0,0,2,0,0,0,0,0,0,0,0,0,0,0,0,0,0,0,0,0,0,0,0,3,0,0,1,0,0,0,0,0,0,0,0,0,0,0,2,1,0,0,0,0,0,0,0,0,0,0,2,0,0,0,1,1,0,0,1,1,3,2,0,2,0,1,2,0,0,0,3,3,0,0,0,0,0,0,0,0,3,1,3,3,0,0,0,0,0,0,3,2,0,0,0,3,0,0,3,3,0,0,0,3,0,0,0,0,0,0,0,0,0,0,0,0,0,0,0,0,0,1,1,0,0,0,0,0,3,0,0,0,0,0
"Q054",0,0,0,0,0,0,1,0,0,1,2,0,0,1,0,0,0,0,0,0,0,0,0,0,0,0,0,0,0,0,0,0,0,0,3,0,1,0,0,0,0,0,0,0,0,0,0,2,0,0,2,0,0,0,0,3,2,0,2,0,0,3,0,0,3,0,1,0,0,3,3,3,0,1,0,1,2,0,1,0,2,3,3,0,3,0,0,0,0,0,0,3,1,3,1,0,0,0,0,0,0,3,0,0,0,0,3,0,0,0,3,2,0,0,0,0,0,0,0,0,3,0,0,0,3,3,0,3,0,0,3,3,0,0,0,0,1,0,0,3,0,3,0,0,0
"Q055",0,0,0,0,0,0,0,0,0,1,1,1,0,1,0,0,0,0,0,0,0,0,0,0,0,0,0,0,0,0,0,0,0,2,3,0,0,1,0,0,0,0,0,0,0,0,0,2,0,1,3,0,0,0,0,0,0,0,0,0,1,3,0,0,0,0,3,0,0,3,3,3,2,3,0,0,1,0,1,0,0,3,3,0,1,0,0,0,0,0,0,3,0,3,3,0,0,0,0,0,0,3,1,0,0,0,3,0,0,3,3,0,2,0,3,0,0,0,0,0,2,0,0,0,2,0,0,0,0,0,0,0,0,0,0,0,0,0,1,3,0,3,0,0,0
"Q056",0,0,0,0,0,0,0,0,0,0,0,0,1,0,0,0,0,3,0,3,0,0,2,0,0,0,0,0,0,0,0,0,0,0,2,0,0,2,0,0,0,0,0,0,0,0,0,0,0,0,0,0,0,0,0,0,0,0,0,0,0,0,0,0,0,3,0,0,0,0,0,3,3,0,3,0,0,3,0,0,0,3,3,0,3,0,0,0,2,0,3,3,0,3,3,0,0,0,0,0,0,3,0,0,3,0,3,0,0,3,3,0,0,0,3,2,0,0,3,3,0,0,0,0,0,0,0,0,0,0,0,0,0,3,3,2,0,1,0,3,0,0,0,0,0
"Q057",0,0,0,0,0,0,0,0,0,3,1,0,0,3,0,0,0,0,0,0,0,0,0,0,0,0,0,0,0,0,0,0,0,0,3,0,0,0,0,0,0,0,0,0,0,0,0,1,0,0,3,0,0,0,0,0,3,0,0,0,2,3,0,0,2,0,3,0,0,3,3,3,1,2,0,1,2,3,2,0,0,3,3,0,3,0,0,0,0,0,0,3,3,3,3,0,0,0,0,0,0,3,2,0,0,0,3,0,0,1,3,2,2,0,0,0,0,0,0,0,3,0,0,2,3,3,0,2,0,0,3,3,0,0,0,0,1,0,3,3,0,3,0,0,0
"Q058",0,0,0,0,0,0,1,0,0,0,1,0,0,1,0,0,0,0,0,0,0,0,0,0,0,0,0,0,0,0,0,0,0,0,3,0,0,0,0,0,0,0,0,0,0,0,0,1,0,3,3,0,0,0,0,1,3,0,0,0,2,3,0,0,1,0,2,0,0,3,3,3,2,1,1,1,2,1,2,0,0,3,3,0,3,0,0,0,0,0,0,3,0,3,3,0,0,0,0,0,0,3,1,0,0,0,3,0,0,3,3,0,0,0,3,0,0,0,0,0,3,0,0,0,3,3,0,1,0,0,2,0,0,0,0,0,0,1,0,3,0,3,0,0,0
"Q059",0,0,0,0,0,0,2,0,0,2,3,0,1,0,0,0,0,0,0,0,0,0,0,0,0,0,0,0,0,0,0,0,3,0,3,0,3,1,0,0,0,0,0,0,2,1,0,1,0,0,0,0,0,0,0,0,0,0,2,0,0,3,0,0,3,0,0,0,0,3,3,2,0,2,0,1,1,0,0,0,1,3,0,0,3,3,0,0,0,0,0,3,3,0,1,0,0,0,0,0,0,3,2,0,3,0,3,0,0,0,3,3,0,0,0,0,0,0,0,0,3,0,0,0,3,3,0,3,0,3,3,3,0,3,0,0,3,0,0,3,0,0,0,0,0
"Q060",0,0,0,0,0,0,0,0,0,0,2,0,0,0,0,0,0,0,0,0,0,0,0,0,0,0,0,0,0,0,0,0,0,0,2,0,0,3,0,0,0,0,0,0,0,0,0,3,0,2,3,0,0,0,0,0,0,0,0,0,2,0,0,0,1,2,3,0,0,3,3,3,3,0,3,0,3,2,0,0,0,3,3,0,3,0,0,0,0,0,0,3,0,2,3,0,0,0,0,0,0,3,2,0,0,0,2,3,0,2,0,3,0,0,1,0,0,0,3,0,2,0,0,1,0,0,0,2,0,2,3,1,1,0,1,0,0,3,3,3,0,3,0,1,0
"Q061",0,0,0,0,0,0,0,0,0,0,0,0,0,0,0,0,0,0,0,0,0,0,0,0,0,0,0,0,0,0,0,0,0,0,3,0,0,1,0,0,0,0,0,0,1,0,0,0,0,0,3,0,0,0,0,0,0,0,0,0,0,1,0,0,0,0,2,0,0,3,3,3,3,0,0,3,3,0,0,0,0,3,3,0,3,0,0,0,0,0,0,3,0,3,3,0,0,0,0,0,0,3,0,0,0,0,2,3,1,2,0,0,0,0,0,0,0,0,0,0,3,0,0,0,3,3,0,0,0,1,3,3,0,0,0,0,1,0,1,3,0,0,0,0,0
"Q062",0,0,0,0,0,0,0,0,0,0,1,0,0,2,0,0,0,0,0,0,0,1,0,0,0,0,0,0,0,0,1,0,0,0,1,0,0,1,0,0,0,0,0,0,0,0,0,0,0,0,0,0,0,0,0,0,0,0,0,0,0,2,0,0,0,1,0,0,0,3,0,3,3,0,3,0,0,3,0,0,0,3,3,0,3,0,0,0,0,0,3,3,0,3,3,0,0,0,0,0,0,3,1,0,0,0,0,0,0,3,3,1,0,0,3,0,0,0,3,2,2,2,0,0,0,0,0,0,0,0,0,2,2,1,0,3,0,2,3,3,0,0,0,0,0
"Q063",0,0,0,0,0,0,0,0,0,0,0,0,0,0,0,0,0,1,0,2,0,0,0,0,0,0,0,0,0,0,0,0,0,0,0,0,0,2,0,0,0,0,0,0,0,0,0,0,0,0,0,0,0,0,0,2,0,0,0,0,0,1,0,0,0,0,0,0,0,0,0,1,0,0,1,0,0,0,0,0,0,2,2,0,2,0,0,0,1,0,2,2,0,2,2,0,0,0,0,0,0,1,0,0,2,0,0,0,0,1,0,0,0,0,2,2,0,0,2,2,0,0,0,0,0,0,0,0,0,0,0,0,0,2,0,1,0,0,0,2,0,0,0,0,0
"Q064",0,0,0,0,0,0,0,0,0,0,0,0,0,1,0,0,0,1,0,0,0,0,0,0,0,0,0,0,0,0,0,0,0,0,2,0,0,1,0,0,0,0,0,0,0,0,0,0,0,0,0,0,0,0,0,0,2,0,3,0,0,3,0,0,0,0,0,0,0,0,1,3,1,0,0,0,0,2,0,0,1,3,3,0,3,0,0,0,0,0,3,2,3,2,3,0,0,0,0,0,0,3,0,0,0,0,3,0,0,3,3,2,0,0,3,0,3,0,3,0,2,2,0,0,0,0,0,0,0,0,0,3,2,2,0,2,1,3,2,3,0,0,0,0,0
"Q065",0,0,0,0,0,0,0,0,0,2,2,0,0,3,0,0,0,2,0,0,0,0,0,0,0,0,0,0,0,0,0,0,0,0,3,0,0,0,0,0,0,0,0,0,0,0,0,0,0,0,3,0,0,0,0,3,3,0,0,0,0,3,0,0,0,0,3,0,0,3,3,3,3,3,0,0,1,3,2,0,0,3,3,0,2,0,0,0,0,0,0,3,0,3,2,0,0,0,0,0,0,3,0,0,0,0,3,0,0,3,3,1,0,0,3,0,0,0,0,0,3,0,0,0,3,3,0,3,0,1,3,3,0,0,0,0,1,1,1,3,0,3,0,0,0
"Q066",0,0,0,0,0,0,0,0,0,0,0,0,0,2,0,0,0,0,0,0,0,0,0,0,0,0,0,0,0,0,0,0,0,0,3,0,0,0,0,0,0,0,0,0,0,0,0,0,0,3,3,0,0,0,0,0,0,0,0,0,1,2,0,0,0,0,3,0,0,3,3,3,0,2,1,1,3,2,2,0,0,3,3,0,0,0,0,0,0,0,0,3,0,3,3,0,0,0,0,0,0,3,0,0,0,0,3,0,0,3,3,1,0,0,3,0,0,0,0,0,0,0,0,0,0,0,0,0,0,2,1,0,0,0,0,0,0,1,1,3,0,3,0,0,0
"Q067",0,0,0,0,0,0,0,0,0,1,0,0,0,3,0,0,0,0,0,0,0,0,0,0,0,0,0,0,0,0,0,0,0,1,3,0,0,0,0,0,0,0,0,0,0,0,0,0,0,2,3,0,0,0,0,0,0,0,0,0,2,3,0,0,0,0,2,0,0,3,2,3,2,3,0,0,1,3,0,0,0,3,3,0,0,0,0,0,0,0,0,3,0,3,3,0,0,0,0,0,0,3,0,0,0,0,3,3,3,1,3,1,2,0,2,0,0,0,0,0,0,0,0,0,0,0,0,0,0,2,2,0,0,0,0,0,0,3,0,3,0,0,0,0,0
"Q068",0,0,0,0,0,0,0,0,0,0,0,0,1,2,0,0,0,1,0,1,0,0,0,0,0,0,0,0,0,0,0,0,0,0,1,0,0,2,0,0,0,0,0,0,0,0,0,3,0,0,2,0,0,0,0,0,0,1,0,0,2,1,0,0,0,2,2,0,0,3,2,3,2,1,3,2,2,3,0,0,0,3,3,0,3,0,3,0,0,0,3,3,0,3,3,0,0,0,0,0,0,3,2,0,1,0,3,3,0,0,0,0,0,0,0,0,0,0,3,0,1,1,0,3,0,0,0,0,0,0,0,2,1,0,0,0,0,0,0,3,0,3,0,1,0
"Q069",0,0,0,0,0,0,0,0,0,0,0,0,0,0,0,0,0,0,0,0,0,0,0,0,0,0,0,0,0,0,0,0,0,0,1,0,0,2,0,0,0,0,0,0,0,0,2,0,0,0,1,0,0,0,3,0,0,0,1,0,1,3,0,0,1,0,3,0,0,3,2,0,2,1,0,3,0,0,0,0,0,1,3,0,3,3,0,0,0,0,0,3,0,1,1,0,0,0,0,0,0,3,0,0,0,0,1,2,0,0,0,0,0,0,0,0,0,0,0,0,0,0,0,0,0,3,0,0,0,0,3,1,0,3,0,0,3,0,0,1,0,0,0,0,0
"Q070",0,0,0,0,0,0,0,0,0,0,0,0,0,3,0,0,0,0,0,0,0,0,0,0,0,0,0,0,0,0,0,0,0,0,2,0,0,0,0,0,0,0,0,0,0,0,0,1,0,2,3,0,0,0,0,0,0,0,0,0,1,3,0,0,0,0,2,0,0,3,3,3,3,2,1,0,2,2,1,0,0,3,3,0,3,0,0,0,0,0,0,3,1,3,3,0,0,0,0,0,0,3,0,0,0,0,3,0,0,3,3,1,0,0,3,0,0,0,3,0,2,0,0,1,0,0,0,0,0,0,1,3,0,0,0,0,0,3,3,3,0,0,0,0,0
"Q071",0,0,0,0,0,0,1,0,0,1,1,0,0,1,0,0,0,0,0,0,0,0,0,0,0,0,0,0,0,0,0,0,2,0,3,0,3,0,0,0,0,0,0,0,2,0,0,1,0,0,1,0,0,0,0,0,3,0,1,0,0,3,0,0,3,0,2,0,0,3,3,1,0,0,0,0,2,0,1,0,1,3,2,0,3,1,0,0,0,0,0,3,0,1,0,0,0,0,0,0,0,3,0,0,0,0,1,0,1,0,3,1,0,0,0,0,0,0,0,0,2,1,0,0,3,3,0,3,0,0,3,1,0,0,0,0,1,0,0,3,0,3,0,0,0
"Q072",0,0,0,0,0,0,0,0,0,0,0,0,0,3,0,0,0,2,0,0,0,0,0,0,0,0,0,0,0,0,0,0,0,0,3,0,0,0,0,0,0,0,0,0,0,0,0,0,0,0,1,0,0,0,0,0,0,0,0,0,2,3,0,0,0,0,3,0,0,3,2,3,0,0,0,0,2,0,0,0,0,3,3,0,3,2,0,0,0,0,0,3,0,3,3,0,0,0,0,0,0,3,0,0,0,0,3,3,3,1,3,1,2,0,1,0,0,0,2,0,3,0,0,2,1,1,0,0,0,2,1,0,0,0,0,0,0,0,0,3,0,3,0,0,0
"Q073",0,0,0,0,0,0,1,0,0,1,1,0,0,3,0,0,0,2,0,0,0,0,0,0,0,0,0,0,0,0,0,0,0,0,3,0,1,0,0,0,0,0,0,0,2,0,0,2,0,1,3,2,0,0,0,0,0,0,1,2,0,3,0,0,0,0,2,0,0,3,3,0,0,0,0,0,3,0,3,0,0,3,3,0,1,3,0,0,0,0,0,3,0,3,0,0,0,0,0,0,0,3,0,0,0,0,3,0,0,1,1,0,0,0,2,0,0,0,0,0,3,0,0,2,3,3,0,2,0,1,3,3,0,0,0,0,1,0,0,3,0,3,0,0,0
"Q074",0,0,0,0,0,0,0,0,0,0,0,0,0,0,0,0,0,0,0,0,1,0,0,0,0,0,0,0,0,0,0,0,0,0,0,0,0,0,0,0,0,0,0,0,0,0,0,0,0,0,0,0,0,0,0,0,0,0,0,0,0,0,0,0,0,0,0,0,2,0,0,0,0,0,0,0,0,0,0,0,0,0,0,0,1,0,0,0,2,0,0,0,0,0,0,0,0,0,0,0,0,0,0,0,0,0,0,0,0,0,0,0,0,0,0,2,0,0,0,2,0,0,0,0,0,0,0,0,2,0,0,0,0,0,0,0,0,0,0,0,0,0,0,0,0
"Q075",0,0,0,0,0,0,0,0,0,0,0,0,0,0,0,0,0,0,0,0,2,0,0,0,0,0,0,0,0,0,0,0,0,0,0,0,0,0,0,0,0,0,0,0,0,0,0,0,0,0,0,0,0,0,0,0,0,0,0,0,0,0,0,0,0,0,0,0,2,0,0,0,0,0,0,0,0,0,0,0,0,0,0,0,2,0,0,0,1,0,1,0,0,0,0,0,0,0,0,0,0,0,0,0,0,0,0,0,0,0,0,0,0,0,0,2,0,0,0,2,0,0,0,0,0,0,0,0,1,0,0,0,0,0,0,0,0,0,0,0,0,0,0,0,0
"Q076",0,0,0,0,0,0,0,0,0,1,3,0,0,2,0,0,0,0,0,0,0,0,0,0,0,0,0,0,0,0,0,0,0,0,3,0,0,0,0,0,0,0,0,0,0,0,0,0,0,0,1,0,0,0,0,0,3,0,0,0,0,3,0,0,0,0,0,0,0,3,3,0,0,0,0,0,2,0,2,0,0,1,3,0,3,0,0,0,0,0,0,3,2,2,0,0,0,0,0,0,0,3,0,0,0,0,0,0,0,0,1,0,0,0,0,0,0,0,0,0,3,0,0,0,3,3,0,3,0,1,2,1,0,0,0,0,0,0,0,3,0,0,0,0,0
"Q077",0,0,0,0,0,0,1,0,0,3,3,0,0,3,0,0,1,0,0,0,0,0,0,0,0,0,0,0,0,0,0,0,0,0,3,0,0,0,0,0,0,0,0,0,0,0,0,0,0,0,3,0,0,0,0,3,3,0,0,0,2,3,0,0,0,0,3,0,0,3,3,3,2,2,0,0,2,1,0,0,0,3,3,0,3,0,0,0,0,0,0,3,0,3,3,0,0,0,0,0,0,3,0,0,0,0,3,0,0,3,3,0,0,0,3,0,0,0,0,0,3,0,0,0,3,3,0,0,0,0,2,1,0,0,0,0,2,0,0,3,0,3,0,0,0
"Q078",0,0,0,0,0,0,0,0,0,3,0,0,0,3,0,0,0,0,0,0,0,0,0,0,0,0,0,0,0,0,0,0,0,0,3,0,0,0,0,0,0,0,0,0,0,0,0,1,0,0,3,0,0,0,0,3,3,0,2,0,0,3,0,0,1,0,2,0,0,3,3,2,1,1,0,0,2,0,0,0,0,3,3,0,3,0,0,0,0,0,0,3,0,3,3,0,0,0,0,0,0,3,0,0,0,0,3,0,0,3,3,0,1,0,0,0,0,0,0,0,3,0,0,0,2,3,0,1,0,1,2,3,0,0,0,0,0,0,2,3,0,3,0,0,0
"Q079",0,0,0,0,0,0,1,0,0,0,0,0,0,1,0,0,0,1,0,0,0,0,0,0,0,0,0,0,0,0,0,0,0,0,3,0,3,0,0,0,0,0,0,0,2,0,0,0,0,0,3,0,0,0,0,0,1,0,0,0,0,3,0,0,3,0,3,0,0,3,3,3,2,3,0,0,3,3,3,0,0,3,3,0,3,0,0,0,0,0,0,3,0,3,3,0,0,0,0,0,0,3,0,0,0,0,3,0,0,3,3,2,1,0,1,0,0,0,0,0,3,0,0,0,3,3,0,3,0,0,3,2,0,0,0,0,3,0,0,3,0,0,0,0,0
"Q080",2,0,0,0,0,0,3,0,0,2,2,0,2,3,0,0,0,2,0,0,0,0,0,0,0,0,0,3,0,0,0,0,0,0,3,0,1,0,0,0,0,0,0,0,2,0,0,2,0,0,3,0,0,0,0,0,1,0,1,0,0,3,0,0,3,0,1,0,0,3,3,1,0,3,0,0,3,0,1,0,1,3,3,0,3,0,0,0,0,0,0,3,0,3,1,0,0,0,0,0,0,3,0,0,0,0,3,0,0,0,3,0,1,0,3,0,0,0,0,0,3,3,0,1,3,3,0,3,0,1,3,3,0,0,0,0,3,0,0,3,0,3,0,0,0
"Q081",0,0,0,0,3,0,3,0,0,0,0,0,0,0,0,0,0,2,0,0,0,0,0,0,0,0,0,0,0,0,0,0,3,0,3,0,3,0,0,0,0,0,0,0,2,0,0,0,0,0,0,0,0,0,0,0,0,0,0,0,0,3,3,3,2,0,0,0,0,3,2,0,0,0,0,0,0,0,2,0,0,0,0,0,3,0,0,0,0,0,0,3,0,0,0,0,0,0,0,0,0,3,0,0,0,0,0,0,0,0,0,2,0,0,0,0,0,0,0,0,3,3,0,0,3,3,0,0,0,0,2,3,0,0,0,0,0,0,0,3,0,0,0,0,0
"Q082",0,0,0,0,0,0,0,0,0,0,0,0,0,0,0,0,0,2,0,1,1,0,0,0,0,0,0,0,0,0,0,0,0,0,0,0,0,2,0,0,0,0,0,0,0,0,0,0,0,0,0,0,0,0,0,0,0,0,0,0,0,0,0,0,0,1,0,0,2,0,0,2,1,0,0,0,0,0,0,0,0,2,0,0,2,0,0,0,0,0,2,0,0,2,2,0,0,0,0,0,0,0,0,0,1,0,0,0,0,2,2,0,0,0,2,0,0,0,1,2,0,0,0,0,0,0,0,0,0,0,0,1,0,2,0,2,0,2,0,2,0,0,0,0,0
"Q083",0,0,0,0,0,0,0,0,0,1,0,0,0,1,0,0,0,1,0,0,0,0,0,0,0,0,0,0,0,0,0,0,0,0,3,0,0,0,0,0,0,0,0,0,0,0,0,0,0,2,2,0,0,0,0,0,0,0,0,0,3,2,0,0,0,0,1,0,0,3,1,3,2,0,0,0,2,3,0,0,0,3,3,0,3,0,0,0,0,0,0,3,0,3,3,0,0,0,0,0,0,3,1,0,0,0,3,2,2,2,3,1,2,0,2,0,0,0,3,0,1,0,0,1,0,0,0,0,0,2,0,0,0,0,0,0,0,1,0,3,0,3,0,0,0
"Q084",0,0,0,0,0,0,0,0,0,0,0,0,0,0,0,0,0,1,0,0,0,0,0,0,0,0,0,0,0,0,0,0,0,0,0,0,0,0,0,0,0,0,0,0,0,0,0,0,0,0,0,0,0,0,0,1,0,2,0,0,0,0,0,0,0,0,0,1,2,0,0,0,0,0,0,0,0,0,0,1,1,0,0,0,2,0,0,0,2,1,1,1,0,0,0,0,0,0,0,0,0,0,0,0,2,0,0,0,0,0,0,0,0,0,2,2,0,0,0,2,0,2,0,0,0,0,0,0,0,0,0,0,0,0,2,0,0,0,0,2,0,0,0,0,0
"Q085",0,0,0,0,0,0,0,0,0,0,0,0,0,0,0,0,0,0,0,0,0,0,0,0,0,0,0,0,0,0,0,0,0,0,0,0,0,0,0,0,0,0,0,0,0,0,0,0,0,0,0,0,0,0,0,0,0,0,0,0,0,0,0,0,0,0,0,0,2,0,0,0,0,0,0,0,0,0,0,0,0,0,0,0,2,0,0,0,2,0,0,0,0,0,0,0,0,0,0,0,0,0,0,0,0,0,0,0,0,0,0,0,0,0,0,2,0,0,0,2,0,0,0,0,0,0,0,0,2,0,0,0,0,0,0,0,0,0,0,0,0,0,0,0,0
"Q086",0,0,0,0,0,0,0,0,0,0,0,0,0,0,0,0,0,2,0,0,1,0,0,0,0,0,0,0,0,0,0,0,0,0,0,0,0,0,0,0,0,0,0,0,0,0,0,0,0,0,0,0,0,0,0,2,0,0,0,0,1,0,0,0,0,0,0,2,2,0,0,0,0,0,0,0,0,0,0,0,0,0,0,0,1,0,0,0,2,0,0,0,0,0,0,0,0,0,0,0,0,0,0,0,0,0,0,0,0,0,0,0,0,0,0,2,0,0,0,2,0,0,0,0,0,0,0,0,1,0,0,0,0,1,0,0,0,0,0,0,0,0,0,0,0
"Q087",0,0,0,0,0,0,0,0,0,0,0,0,0,2,0,0,0,1,0,0,0,0,0,0,0,0,0,0,0,0,0,0,0,0,2,0,0,1,0,0,0,0,0,0,0,0,0,0,0,3,1,0,0,0,0,0,0,2,0,0,0,3,0,0,1,0,3,0,1,1,0,3,3,0,1,1,1,3,0,0,0,3,3,0,3,0,0,0,0,0,0,3,1,3,3,0,0,0,0,0,0,3,0,0,1,0,3,3,0,3,3,1,1,0,3,0,0,0,0,0,1,0,0,0,0,0,0,0,0,0,2,0,0,0,0,0,0,3,0,3,0,0,0,0,0
"Q088",0,0,0,0,0,0,0,0,0,2,2,0,1,3,0,0,0,1,0,0,0,0,0,0,0,0,0,0,0,0,0,0,0,0,3,0,0,0,0,0,0,0,0,0,1,0,0,1,0,0,3,0,0,0,0,0,2,0,3,0,0,3,0,0,2,0,1,0,0,3,3,3,1,1,0,0,0,1,1,0,0,3,2,0,3,0,0,0,0,0,0,3,1,3,2,0,0,0,0,0,0,3,0,0,0,0,3,0,1,3,3,1,2,0,1,0,0,0,0,0,3,0,0,0,3,3,0,3,0,0,0,3,0,2,0,0,0,1,1,3,0,3,0,0,0
"Q089",0,0,0,0,0,0,0,0,0,3,1,0,0,3,0,0,0,0,0,0,0,0,0,0,0,0,0,0,0,0,0,0,0,0,3,0,0,0,0,0,0,0,0,0,0,0,0,2,0,3,3,0,0,0,0,0,0,0,0,0,0,3,0,0,2,0,3,0,0,3,3,3,2,2,0,0,3,0,3,0,0,3,3,0,3,0,0,0,0,0,0,3,0,3,3,0,0,0,0,0,0,3,0,0,0,0,3,0,0,3,3,0,1,0,1,0,0,0,0,0,2,0,0,0,2,3,0,0,0,0,0,0,0,0,0,0,0,0,0,3,0,3,0,0,0
"Q090",0,0,0,0,0,0,0,0,0,0,2,0,1,3,0,0,0,2,0,0,0,0,0,0,0,0,0,0,0,0,0,0,0,0,3,0,0,0,0,0,0,0,0,0,2,0,0,2,1,1,2,1,0,0,0,0,3,0,0,2,1,3,0,0,3,0,1,0,0,3,3,3,0,3,0,3,3,1,3,0,0,3,3,0,3,0,0,0,0,0,0,3,0,3,1,0,0,0,0,0,0,3,2,0,1,0,3,0,0,0,3,1,0,0,3,0,0,0,0,0,3,0,0,0,3,3,0,1,0,1,0,0,0,0,0,0,0,0,0,3,0,3,0,0,0
"Q091",0,0,0,0,0,0,0,0,0,0,0,0,0,0,0,0,0,0,0,0,0,0,0,0,0,0,0,0,0,0,0,0,0,0,0,0,0,2,0,0,0,0,0,0,0,0,0,0,0,0,2,0,0,0,0,0,0,0,0,0,0,0,0,0,0,3,1,0,0,2,0,3,3,0,3,1,3,2,0,0,0,3,3,0,3,1,0,0,0,0,1,3,2,3,2,0,0,0,0,0,0,3,1,0,2,0,3,3,0,0,1,0,0,0,1,0,0,0,2,0,0,0,0,0,0,0,0,0,0,0,0,0,0,0,0,0,0,1,0,3,0,0,0,0,0
"Q092",0,0,0,0,0,0,0,0,0,0,0,1,0,0,0,0,0,0,0,0,0,0,0,0,0,0,0,0,0,0,0,0,0,0,3,0,0,1,0,0,0,0,0,0,0,0,0,0,0,0,3,0,0,0,0,0,0,0,0,0,0,0,0,0,0,3,3,0,0,0,0,3,3,0,3,0,3,3,0,0,0,3,3,0,1,0,0,0,0,0,0,3,1,3,3,0,0,0,0,0,0,3,0,0,0,0,2,0,0,3,1,2,0,0,3,0,0,0,2,0,1,0,0,1,0,0,0,0,0,0,0,0,2,0,1,0,0,3,3,3,0,0,0,0,0
"Q093",0,0,0,0,0,0,0,0,0,0,0,0,0,0,0,0,0,1,0,2,0,0,1,0,0,0,0,0,0,0,0,0,0,0,0,0,0,2,0,0,0,0,0,0,0,0,2,1,0,0,2,0,0,0,0,0,0,0,0,0,0,0,0,0,0,3,1,0,1,1,0,3,3,0,3,0,3,3,0,0,0,3,3,0,3,0,0,0,0,0,3,2,0,3,3,0,0,0,0,0,0,1,1,0,0,0,3,3,0,2,2,0,0,0,3,0,0,0,3,0,1,0,0,0,0,0,0,0,0,0,0,0,1,1,3,0,0,2,2,3,0,0,0,1,0
"Q094",0,0,0,0,0,0,0,0,0,0,0,0,0,3,0,0,0,0,0,0,0,0,0,0,0,0,0,0,0,0,0,0,0,0,3,0,0,2,0,0,0,0,0,0,0,0,0,2,0,3,3,0,0,0,0,0,0,3,0,0,1,1,0,0,0,3,2,0,0,3,0,3,3,0,3,0,0,3,0,1,0,3,3,0,3,0,0,0,0,0,0,3,0,3,3,0,0,0,0,0,0,3,0,0,1,0,3,1,1,3,3,1,0,0,3,0,0,0,2,0,3,0,0,0,0,0,0,0,0,0,0,0,0,0,0,0,0,3,0,3,0,0,0,1,0
"Q095",0,0,0,0,0,0,0,0,0,0,0,0,0,0,0,0,0,0,0,1,0,0,0,0,0,0,0,0,0,0,0,0,0,0,3,0,0,2,0,0,0,0,0,0,0,0,0,0,0,1,0,0,0,0,0,0,0,0,0,0,0,3,0,0,0,2,3,0,0,2,0,3,3,0,3,0,1,3,0,0,0,3,3,0,3,1,0,0,0,0,3,3,2,3,3,0,0,0,0,0,0,3,0,0,0,0,3,0,0,3,3,2,0,0,3,0,0,0,3,0,3,0,0,3,0,0,0,0,0,0,0,1,1,2,2,2,0,1,2,3,0,3,0,0,0
"Q096",0,0,0,0,0,0,1,0,0,2,0,0,0,3,0,0,0,0,0,0,0,0,0,0,0,0,0,0,0,0,0,0,0,0,3,0,0,0,0,0,0,0,0,0,0,0,0,0,0,1,2,0,0,0,0,0,3,0,0,0,0,3,0,0,3,0,2,0,0,3,3,3,3,2,0,0,2,1,0,0,0,3,3,0,3,0,0,0,0,0,0,3,0,3,3,0,0,0,0,0,0,3,0,0,0,0,3,0,0,3,3,0,2,0,2,0,0,0,0,0,3,1,0,0,3,2,0,1,0,0,0,1,0,0,0,0,1,2,0,3,0,3,0,0,0
"Q097",0,0,0,0,0,0,0,0,0,3,0,0,1,3,0,0,0,0,0,0,0,0,0,0,0,0,0,0,0,0,0,0,0,0,3,0,0,0,0,0,0,0,0,0,0,0,0,2,0,0,3,0,0,0,0,0,2,0,0,0,0,3,0,0,2,0,3,0,0,3,3,3,2,2,0,1,1,3,2,0,1,3,2,0,3,1,0,0,0,0,0,3,2,3,3,0,0,0,0,0,0,3,0,0,0,0,3,0,2,3,3,1,2,0,3,0,0,0,0,0,3,0,0,0,3,3,0,1,0,1,3,1,0,0,0,0,2,0,2,3,0,3,0,0,0
"Q098",0,0,0,0,0,0,0,0,0,3,1,0,0,3,0,0,1,3,0,0,0,0,0,0,0,0,0,0,0,0,0,0,0,0,3,0,0,0,0,0,0,0,0,0,0,0,0,1,0,0,3,0,0,0,0,0,3,0,2,0,0,3,0,0,3,0,2,0,0,3,3,3,1,1,0,0,2,1,0,0,0,3,3,0,3,1,0,0,0,0,0,3,0,3,3,0,0,0,0,0,0,3,0,0,0,0,3,0,0,2,2,2,0,0,0,0,0,0,0,0,3,0,0,0,3,3,0,3,0,0,3,3,0,0,0,0,0,0,0,3,0,3,0,0,0
"Q099",0,0,1,0,0,0,2,0,0,0,0,0,0,2,0,0,0,1,0,0,0,0,0,0,0,0,0,3,0,0,0,0,0,0,3,0,0,0,0,0,0,0,0,0,0,0,0,1,0,0,3,0,0,0,0,0,0,0,0,0,0,3,0,0,0,0,0,0,0,3,3,3,0,0,0,0,1,2,1,0,1,3,3,0,3,0,0,0,0,0,0,3,0,3,0,0,0,1,1,0,0,3,0,0,0,0,3,0,0,2,3,0,0,0,0,0,0,0,0,0,3,2,0,0,1,0,0,2,0,0,0,0,0,0,0,0,0,0,0,3,0,3,0,0,0
"Q100",0,0,0,0,0,0,0,0,0,0,0,0,0,0,0,0,0,2,0,0,1,0,0,0,0,0,0,0,0,0,0,0,0,0,0,0,0,0,0,0,0,0,0,0,0,0,0,0,0,0,0,0,0,0,0,0,0,2,0,0,2,0,0,0,0,0,0,0,1,0,0,0,0,0,0,0,0,0,0,0,0,0,0,0,2,0,1,0,2,0,1,0,0,0,0,0,0,0,0,0,0,0,0,0,2,0,0,0,0,0,0,0,0,0,0,2,0,0,0,2,2,1,0,0,0,0,0,0,0,0,0,0,0,2,1,0,0,1,0,2,0,0,0,0,0
"Q101",0,0,0,0,0,0,0,0,0,0,0,0,0,0,0,0,0,1,0,0,0,0,0,0,0,0,0,0,0,0,0,0,0,0,0,0,0,3,0,0,0,0,0,0,1,0,2,2,0,0,3,0,0,0,0,0,0,0,0,0,2,2,0,0,0,0,3,0,0,3,1,3,2,0,3,0,3,3,0,0,0,3,3,0,3,3,2,0,0,0,3,3,0,2,3,0,0,0,0,0,0,3,1,0,0,0,2,3,0,0,0,0,0,0,0,0,0,0,3,0,3,1,0,1,0,2,0,0,0,0,0,3,0,1,0,1,0,0,1,3,0,0,0,3,0
"Q102",0,0,0,0,0,0,0,0,0,0,0,0,0,0,0,0,0,0,0,3,0,0,2,0,0,0,0,0,0,0,0,0,0,0,0,0,0,3,0,0,0,0,0,0,0,0,0,2,0,1,3,0,0,0,0,3,0,1,0,0,0,2,0,0,0,0,3,2,3,1,0,3,3,0,3,0,2,3,0,0,2,3,3,0,3,2,0,0,3,3,3,3,0,3,3,0,0,0,0,0,0,2,0,0,2,0,3,2,0,3,0,0,0,0,3,0,0,0,3,3,2,2,0,0,0,0,0,0,0,0,0,0,1,2,3,3,0,2,3,3,0,0,0,0,0
"Q103",0,0,0,0,0,0,0,0,0,2,2,0,0,3,0,0,0,1,0,0,0,0,0,0,0,0,0,0,0,0,0,0,0,0,3,0,0,0,0,0,0,0,0,0,2,0,0,1,0,0,1,0,0,0,0,0,3,0,2,0,0,3,0,0,3,0,2,0,0,3,3,3,1,3,0,0,3,2,0,0,0,3,3,0,3,0,0,0,0,0,0,3,1,3,3,0,0,0,0,0,0,3,2,0,0,0,3,0,0,3,3,1,3,0,0,0,0,0,0,0,3,2,0,0,2,3,0,1,0,0,0,2,0,0,0,0,0,3,1,3,0,3,0,0,0
"Q104",0,0,0,0,0,0,1,0,0,3,0,0,1,1,0,0,0,0,0,0,0,0,0,0,0,0,0,0,0,0,0,0,0,0,2,0,0,0,0,0,0,0,0,0,0,0,0,1,0,0,3,0,0,0,0,0,3,0,1,0,0,3,0,0,2,0,3,0,0,3,3,3,0,2,0,0,2,1,1,0,0,3,3,0,3,0,0,0,0,0,0,3,2,3,0,0,0,0,0,0,0,3,1,0,0,0,2,0,0,3,2,2,2,0,0,0,0,0,0,0,3,2,0,0,3,3,0,3,0,0,3,3,0,0,0,0,0,0,0,3,0,3,0,0,0
"Q105",0,0,2,0,0,0,0,0,0,0,1,0,0,3,0,0,0,0,0,0,0,0,0,0,0,0,0,0,0,0,0,0,0,0,3,0,0,0,0,0,0,0,0,0,0,0,0,1,0,1,3,0,0,0,0,0,0,0,0,0,2,3,0,0,0,0,3,0,0,3,1,3,2,3,1,0,3,3,2,0,0,3,3,0,1,0,0,0,0,0,0,3,0,3,3,0,0,0,0,0,0,3,1,0,0,0,3,0,0,3,3,1,1,0,3,0,0,0,0,0,0,0,0,0,0,0,0,3,0,3,2,1,0,0,0,0,0,0,2,3,0,0,0,0,0
"Q106",0,0,0,0,0,0,0,0,0,2,2,0,0,3,0,0,0,2,0,0,0,0,0,0,0,0,0,0,0,0,0,0,0,0,3,0,0,0,0,0,0,0,0,0,1,0,0,1,0,0,2,0,0,0,0,0,3,0,2,0,0,3,0,0,0,0,2,0,0,3,3,3,1,2,0,0,3,2,0,0,0,3,3,0,3,0,0,0,0,0,0,3,0,3,3,0,0,0,0,0,0,3,2,0,0,0,3,1,1,2,3,0,2,0,2,0,0,0,0,0,3,0,0,2,2,0,0,0,0,0,0,3,0,0,0,0,0,1,0,3,0,3,0,0,0
"Q107",0,0,2,0,0,0,0,0,0,2,2,0,0,3,0,0,0,0,0,0,0,0,0,0,0,0,0,0,0,0,0,0,0,2,3,0,0,0,0,0,0,0,0,0,0,0,0,2,0,3,3,3,0,0,0,0,3,0,0,0,0,3,0,0,2,0,3,0,0,3,3,3,1,3,0,1,3,1,3,0,0,3,3,0,3,0,0,0,0,0,0,3,0,3,3,0,0,0,0,0,0,3,3,0,0,0,3,0,0,0,3,1,0,0,1,0,0,0,0,0,3,0,0,2,3,3,0,2,0,0,1,0,0,0,0,0,0,0,0,3,0,3,0,0,0
"Q108",0,0,0,0,0,0,0,0,0,0,0,0,0,0,0,0,0,0,0,0,0,0,0,0,0,0,0,0,0,0,0,0,0,0,0,0,0,3,0,0,0,0,0,0,0,0,0,0,0,2,3,0,3,0,0,0,0,0,0,0,0,0,0,0,0,0,2,0,0,3,0,3,3,0,2,0,0,1,0,0,0,3,3,0,2,3,0,0,0,0,0,3,0,3,2,0,0,0,0,0,0,3,0,0,0,0,3,2,2,1,0,0,0,0,0,0,0,0,3,0,0,0,0,2,0,0,0,0,0,0,0,3,0,0,0,0,3,0,0,3,0,0,0,3,0
"Q109",0,0,0,0,0,0,0,0,0,0,0,0,0,0,0,0,0,0,0,0,0,1,0,0,0,0,0,0,0,0,2,0,0,0,0,0,0,3,0,0,0,0,0,0,0,0,0,0,0,0,1,0,0,0,0,0,1,3,2,0,1,3,0,0,0,3,1,0,1,3,0,3,3,3,3,0,2,3,0,0,0,3,3,0,3,0,0,0,0,0,2,3,3,3,3,0,0,0,0,0,0,3,1,0,0,0,3,3,0,3,3,1,0,0,3,0,0,0,0,0,3,2,0,0,0,0,0,0,0,1,0,1,1,1,0,1,0,3,2,3,0,0,0,0,0
"Q110",0,0,0,0,0,0,0,0,0,3,0,0,0,3,0,0,0,2,0,0,0,0,0,0,0,0,0,0,0,0,0,0,0,0,2,0,0,1,0,0,0,0,0,0,1,0,0,0,0,0,1,0,0,0,0,0,2,0,3,0,1,3,0,0,1,0,0,0,0,3,2,3,2,0,0,0,2,1,0,0,0,3,3,0,3,0,0,0,0,0,0,3,0,2,3,0,0,0,0,0,0,3,2,0,0,0,3,0,0,3,3,2,0,0,3,0,0,0,0,0,3,2,0,1,3,3,0,1,0,0,3,3,0,1,0,0,3,1,0,3,0,1,0,0,0
"Q111",0,0,0,0,0,0,0,0,0,0,0,0,0,0,0,0,0,0,0,0,0,0,0,0,0,0,0,0,0,0,0,0,0,0,1,0,0,1,0,0,1,0,0,0,0,0,0,0,0,3,2,0,0,2,0,0,0,0,0,0,2,1,0,0,0,1,0,0,0,2,0,3,2,0,1,0,3,0,0,0,0,3,3,0,0,2,0,0,0,0,3,3,0,3,3,0,0,0,0,0,0,3,0,0,0,3,3,2,0,3,1,0,1,0,2,0,0,0,2,0,1,0,0,0,0,0,0,0,0,0,0,0,0,0,0,0,0,1,0,3,0,0,0,0,0
"Q112",0,0,0,0,0,0,0,0,0,3,1,0,0,3,0,0,0,2,0,0,0,0,0,0,0,0,0,0,0,0,0,0,0,0,1,0,3,0,0,0,0,0,0,0,2,0,0,0,0,0,3,0,0,0,0,0,3,0,2,0,0,3,0,0,3,0,0,0,0,3,2,0,0,0,0,0,1,0,0,0,0,3,3,0,3,2,0,0,0,0,0,3,0,2,1,0,0,0,0,0,0,3,0,0,0,0,1,0,0,0,0,0,2,0,0,0,0,0,0,0,3,1,0,0,3,3,0,3,0,0,3,3,0,0,0,0,0,0,0,3,0,0,0,0,0
"Q113",0,0,0,0,0,0,0,0,0,0,0,0,0,0,0,0,0,0,0,0,0,0,0,0,0,0,0,0,0,0,0,0,0,0,0,0,0,0,0,0,0,0,0,0,0,0,0,0,0,0,0,0,0,0,0,0,0,0,0,0,0,0,0,0,0,0,0,0,1,0,0,0,0,0,0,0,0,0,0,0,0,0,0,0,2,0,0,0,2,1,0,0,0,0,0,0,0,0,0,0,0,0,0,0,0,0,0,0,0,0,0,0,0,0,0,2,0,0,0,2,0,0,0,0,0,0,0,0,0,0,0,0,0,0,0,0,0,0,0,0,0,0,0,0,0
"Q114",0,0,0,0,0,0,0,0,0,0,0,0,0,0,0,0,0,0,0,0,1,0,0,0,0,0,0,0,0,0,0,0,0,0,0,0,0,0,0,0,0,0,0,0,0,0,0,0,0,0,0,0,0,0,0,0,0,0,0,0,0,0,0,0,0,0,0,0,0,0,0,0,0,0,0,0,0,0,0,0,0,0,0,0,2,0,0,0,2,0,0,0,0,0,0,0,0,0,0,0,0,0,0,0,0,0,0,0,0,0,0,0,0,0,0,2,0,0,0,2,0,0,0,0,0,0,0,0,1,0,0,0,0,0,0,0,0,0,0,0,0,0,0,0,0
"Q115",0,0,0,0,0,0,0,0,0,0,0,0,0,2,0,0,0,0,0,0,0,0,0,0,0,0,0,0,0,0,0,0,0,0,0,0,0,2,0,0,0,0,0,0,2,0,1,2,0,0,1,0,0,0,0,0,0,1,0,0,2,3,0,0,2,2,3,0,0,3,3,3,2,0,3,0,0,3,0,0,1,3,3,0,3,3,0,0,0,0,0,3,1,3,3,0,0,0,0,0,0,3,1,0,1,0,3,3,0,1,2,0,0,0,2,0,0,0,3,0,3,1,0,0,0,3,0,0,0,0,0,3,1,1,1,0,2,1,0,3,0,0,0,2,0
"Q116",0,0,0,0,0,0,0,0,0,1,0,0,0,1,0,0,0,1,0,3,0,0,0,0,0,0,0,0,0,0,0,0,0,0,0,0,0,3,0,0,0,0,0,0,0,0,0,0,0,1,0,0,0,0,0,0,0,0,0,0,0,2,0,0,0,0,0,0,0,0,0,3,3,0,3,0,0,3,0,0,1,3,3,0,3,0,0,0,0,0,3,3,3,3,3,0,0,0,0,0,0,3,0,0,1,0,1,0,0,3,3,0,0,0,3,0,0,0,3,3,2,3,0,0,0,0,0,0,0,0,1,0,0,3,1,1,0,2,0,3,0,0,0,0,0
"Q117",0,0,0,0,0,0,2,0,0,1,0,0,0,3,0,0,0,1,0,0,0,0,0,0,0,0,0,0,0,0,0,0,0,0,2,0,0,0,0,0,0,0,0,0,1,0,0,0,0,1,1,0,0,0,0,0,3,0,1,0,1,3,0,0,1,0,3,0,0,3,3,3,2,1,0,0,0,3,3,0,0,3,2,0,3,1,0,0,0,0,0,3,2,3,3,0,0,0,0,0,0,3,0,0,0,0,2,0,0,3,3,1,2,0,2,0,0,0,0,0,3,0,0,0,3,3,0,0,0,0,1,2,0,0,0,0,0,2,1,3,0,3,0,0,0
"Q118",0,0,0,0,0,0,2,0,0,1,0,0,0,3,0,0,0,3,0,0,0,0,0,0,0,0,0,0,0,0,0,0,0,0,3,0,0,0,0,0,0,0,0,0,0,0,0,0,0,0,0,0,0,0,0,0,3,0,0,0,0,3,0,0,1,0,0,0,0,3,3,0,0,0,0,0,2,0,2,0,0,1,0,0,3,0,0,0,0,0,0,3,0,2,2,0,0,0,0,0,0,3,0,0,0,0,0,0,0,0,0,0,0,0,0,0,0,0,0,0,3,0,0,0,3,3,0,3,0,0,1,0,0,0,0,0,0,0,0,3,0,3,0,0,0
"Q119",0,0,0,0,0,0,0,0,0,0,0,0,0,0,0,0,0,1,0,1,2,0,0,0,0,0,0,0,0,0,0,0,0,0,0,0,0,2,0,0,0,0,0,0,0,0,0,0,0,0,0,0,0,0,0,0,0,0,0,0,0,0,0,0,0,0,0,0,0,0,0,0,0,0,0,0,0,0,0,0,0,1,2,0,2,0,0,0,2,0,2,0,0,1,0,0,0,0,0,0,0,0,0,0,0,0,0,2,0,0,0,0,0,0,2,0,0,0,0,2,1,0,0,0,0,0,0,0,0,0,0,0,0,2,0,0,0,0,1,2,0,0,0,0,0
"Q120",0,0,0,0,0,0,0,0,0,0,0,0,0,0,0,0,0,0,0,2,0,0,0,0,0,0,0,0,0,0,0,0,0,0,0,0,0,3,0,0,0,0,0,0,0,0,0,2,0,0,1,0,0,0,0,0,0,0,0,0,0,3,0,0,0,1,0,0,0,0,0,3,0,0,3,0,0,3,0,0,0,3,3,0,3,2,0,0,2,0,3,1,2,2,3,0,0,0,0,0,0,0,0,0,3,0,3,2,0,1,0,0,0,0,3,0,0,0,3,0,0,0,0,0,0,0,0,0,0,0,0,0,0,0,3,0,0,1,1,3,0,0,0,2,0
"Q121",0,0,0,0,0,0,0,0,0,0,0,0,0,0,0,0,0,0,0,0,0,0,0,0,0,0,0,0,0,0,0,0,0,0,2,0,0,1,0,0,0,0,0,0,0,0,0,0,0,2,3,0,0,0,0,0,0,0,0,0,1,0,0,0,0,0,1,0,0,0,0,3,3,0,3,1,0,3,0,0,0,3,3,0,3,0,0,0,2,0,0,3,0,3,3,0,0,0,0,0,0,3,0,0,0,0,3,0,0,3,3,0,0,0,3,0,0,0,3,0,0,1,0,0,0,0,0,0,0,0,0,0,2,1,2,2,0,2,2,3,0,0,0,0,0
"Q122",0,0,0,0,0,0,0,0,0,0,0,0,0,1,0,0,0,2,0,3,0,1,0,0,0,0,0,0,0,0,0,0,0,0,0,0,0,3,0,0,1,0,0,0,0,0,0,1,0,0,1,0,0,2,0,0,0,0,0,0,0,0,0,0,0,2,2,0,2,2,0,3,2,0,3,0,0,3,0,0,0,3,3,0,3,0,0,0,0,0,3,3,0,3,3,0,0,0,0,0,0,1,1,0,0,0,1,0,0,0,3,1,0,0,3,0,0,0,0,3,0,0,0,0,0,0,0,0,0,0,0,0,0,0,0,2,0,1,2,3,0,0,0,0,0
"Q123",0,0,0,0,0,0,0,0,0,0,0,0,0,0,0,0,0,1,0,0,0,0,0,0,0,0,0,0,0,0,0,0,0,0,0,0,0,1,0,0,0,0,0,0,0,0,0,0,0,0,0,0,0,0,0,0,0,0,0,0,1,0,0,0,0,0,0,0,2,0,0,0,0,0,0,0,0,0,0,0,0,1,0,0,2,0,0,0,2,0,2,0,0,0,0,0,0,0,0,0,0,0,0,0,0,0,0,0,0,0,0,0,0,0,0,1,0,0,0,2,1,0,0,0,0,0,0,0,2,0,0,0,0,2,0,0,0,0,0,0,0,0,0,0,0
"Q124",0,0,0,0,0,0,2,0,0,3,1,0,1,3,0,0,0,0,0,0,0,0,0,0,0,0,0,0,0,0,0,0,0,0,3,0,0,1,0,0,1,0,0,0,0,0,0,0,0,3,3,0,0,0,0,0,3,0,0,0,0,3,0,0,0,0,3,0,0,3,3,3,3,1,0,0,1,2,0,0,0,3,3,0,3,0,0,0,0,0,0,3,0,3,3,0,0,0,0,0,0,3,0,0,0,0,3,0,0,3,3,2,3,0,3,0,0,0,0,0,2,0,0,0,2,3,0,3,0,1,0,3,0,0,0,0,3,0,2,3,0,3,0,0,0
"Q125",0,0,0,0,0,0,2,0,0,1,1,0,0,3,0,0,0,0,0,0,0,0,0,0,0,0,0,0,0,0,0,0,0,0,3,0,1,0,0,0,0,0,0,0,0,0,0,2,0,2,3,0,0,0,0,0,3,0,2,0,0,3,0,0,3,0,3,0,0,3,3,3,3,3,0,0,3,1,3,0,0,3,3,0,3,0,0,0,0,0,0,3,3,3,3,0,0,0,0,0,0,3,2,0,0,0,3,0,0,3,3,2,3,0,3,0,0,0,0,0,3,0,0,0,3,3,0,0,0,1,3,1,0,0,0,0,1,0,1,3,0,3,0,0,0
"Q126",0,0,0,0,0,0,0,0,0,2,1,0,0,2,0,0,0,0,0,0,0,0,0,0,0,0,0,0,0,0,0,0,0,0,3,0,0,1,0,0,0,0,0,0,0,0,0,0,0,2,2,0,0,0,0,0,1,0,0,0,1,3,0,0,1,0,2,0,0,3,3,2,0,1,0,0,3,3,0,0,0,3,3,0,3,0,0,0,0,0,0,3,0,3,3,0,0,0,0,0,0,3,0,0,0,0,3,2,0,0,3,2,2,0,1,0,0,0,0,0,3,0,0,1,0,3,0,0,0,2,0,0,0,0,0,0,0,0,0,3,0,3,0,0,0
"Q127",0,0,0,0,0,0,0,0,0,0,0,0,0,2,0,0,0,0,0,0,0,0,0,0,0,0,0,0,0,0,0,0,0,0,0,0,0,1,0,0,0,0,0,0,0,0,0,1,0,2,2,0,0,0,0,0,0,0,0,0,2,3,0,0,3,0,3,0,0,3,3,3,3,1,3,1,2,3,0,0,3,3,3,0,3,3,0,0,0,0,1,3,3,3,3,0,0,0,0,0,0,3,2,0,0,0,3,3,0,3,1,0,0,0,1,0,0,0,3,0,3,3,0,0,0,0,0,0,0,0,0,0,3,0,0,0,0,0,0,3,0,1,0,0,0
"Q128",0,0,0,0,0,0,0,0,0,0,0,0,0,1,0,0,0,0,0,0,0,0,0,0,0,0,0,0,0,0,1,0,0,0,1,0,0,2,0,0,0,0,0,0,0,0,0,0,0,1,0,0,0,1,0,0,0,0,0,0,0,2,0,0,0,0,0,0,0,0,0,3,3,0,0,0,0,2,0,0,0,3,3,0,3,0,0,0,0,0,3,1,0,3,2,0,0,0,0,0,0,3,0,0,0,0,3,0,0,3,3,0,0,0,3,0,0,0,2,3,3,1,0,0,0,0,0,0,0,0,0,0,0,0,0,1,0,2,0,3,0,0,0,0,0
"Q129",0,0,0,0,0,0,2,0,0,2,1,0,0,1,0,0,0,1,0,0,0,0,0,0,0,0,0,0,0,0,0,0,0,0,2,0,3,0,0,0,0,0,0,0,1,0,0,0,0,0,0,0,0,0,0,0,3,0,0,0,0,3,0,0,3,0,1,0,0,3,3,1,0,1,0,0,1,1,0,0,0,3,3,0,3,0,0,0,0,0,0,3,1,3,0,0,0,0,0,0,0,3,1,0,0,1,3,0,0,1,3,1,0,0,0,0,0,0,0,0,3,0,0,0,3,3,0,3,0,0,3,1,0,0,0,0,2,0,0,3,0,0,0,0,0
"Q130",0,0,0,0,0,0,0,0,0,2,1,0,1,3,0,0,0,2,0,0,0,0,0,0,0,0,0,0,0,0,0,0,0,1,3,0,0,0,0,0,0,0,0,0,2,0,0,3,0,1,2,0,0,0,0,0,3,0,0,0,2,3,0,3,3,0,2,0,0,3,3,0,2,3,0,1,3,1,3,0,0,3,3,0,3,0,0,0,0,0,0,3,0,3,3,0,0,0,0,0,0,3,2,0,0,0,3,0,1,2,3,2,0,0,1,0,0,0,0,0,3,0,0,2,3,3,0,2,0,1,3,3,0,0,0,0,0,0,0,3,0,3,0,0,0
"Q131",0,0,0,0,0,0,0,0,0,0,0,0,0,0,0,0,0,1,0,2,0,0,0,0,0,0,0,0,0,0,0,0,0,0,0,0,0,3,0,0,0,0,0,0,0,0,0,2,0,0,2,0,0,0,0,0,0,0,0,0,0,0,0,0,0,1,0,0,0,3,3,3,3,0,3,0,1,1,0,0,0,3,3,0,3,0,0,0,0,0,3,2,0,3,2,0,0,0,0,0,0,0,0,2,3,0,1,0,0,2,0,0,0,0,3,0,0,0,3,3,1,0,0,0,0,0,0,0,0,0,0,0,0,2,3,0,0,3,1,3,0,0,0,0,0
"Q132",0,0,0,0,0,0,0,0,0,1,1,0,0,3,0,0,0,1,0,0,0,0,0,0,0,0,0,0,0,0,0,0,0,0,2,0,0,0,0,0,0,0,0,0,0,0,0,0,0,2,2,0,0,0,0,0,0,0,0,0,0,3,0,0,0,1,3,0,0,3,3,3,2,3,1,2,3,3,0,0,1,3,3,0,3,0,0,0,0,0,0,3,0,3,3,0,0,0,0,0,0,3,0,0,0,0,3,3,0,2,2,1,0,0,0,0,0,0,1,0,1,0,0,0,0,0,0,0,0,0,1,0,0,0,0,0,0,3,0,3,0,0,0,0,0
"Q133",0,0,0,0,0,0,0,0,0,1,1,0,0,1,0,0,0,0,0,0,0,0,0,0,0,0,0,0,0,0,0,0,0,0,2,0,0,1,0,0,0,0,0,0,1,0,0,1,0,1,3,0,0,0,0,0,3,0,2,0,0,3,0,0,0,0,1,0,0,3,3,3,0,3,0,0,3,3,3,0,0,3,3,0,3,1,0,0,0,0,0,3,3,3,3,0,0,0,0,0,0,3,0,0,0,3,3,1,3,3,3,2,2,0,2,0,0,0,3,0,3,2,0,1,0,0,0,0,0,0,2,3,0,0,0,0,2,1,0,3,0,2,0,0,0
"Q134",0,0,0,0,0,0,1,0,0,3,1,0,0,3,0,0,0,1,0,0,0,0,0,0,0,0,0,0,0,0,0,0,0,0,3,0,2,0,0,0,0,0,0,0,2,0,0,0,0,0,0,0,0,0,0,0,3,0,0,0,0,3,0,0,3,0,1,0,0,3,3,3,0,1,0,0,2,0,0,0,0,3,2,0,3,0,0,0,0,0,0,3,0,3,0,0,0,0,0,0,0,3,0,0,0,0,3,0,0,2,3,1,0,0,1,0,0,0,0,0,3,0,0,0,3,3,0,3,0,0,3,3,0,0,0,0,3,0,0,3,0,3,0,0,0
"Q135",0,3,0,0,2,0,3,0,0,2,0,0,0,1,0,0,0,0,0,0,0,0,0,0,0,0,0,3,0,0,0,0,0,0,3,0,0,0,0,0,0,0,0,0,2,0,0,1,0,0,3,0,0,0,0,0,3,0,0,0,0,3,0,0,2,0,0,0,0,3,3,0,0,1,0,0,2,0,1,0,0,3,3,0,3,0,0,0,0,0,0,3,1,0,0,0,0,1,0,0,0,3,1,0,0,0,1,0,0,0,2,1,0,0,0,0,0,0,0,0,1,0,0,0,3,3,0,3,0,0,3,0,0,0,0,0,3,0,0,3,0,0,0,0,0
"Q136",0,0,0,0,0,0,0,0,0,3,3,0,0,2,0,0,0,3,0,0,0,0,0,0,0,0,0,0,0,0,0,0,0,0,3,0,0,0,0,0,0,0,0,0,0,0,0,0,0,0,2,0,0,0,0,3,0,0,0,0,0,2,0,0,1,0,0,0,0,3,2,1,0,1,0,0,2,0,0,0,0,3,3,0,0,0,0,0,0,0,0,3,0,3,2,0,0,0,0,0,0,1,3,0,0,0,3,0,0,0,3,0,1,0,1,0,0,0,0,0,1,0,0,0,0,2,0,3,0,0,1,0,0,0,0,0,0,0,0,3,0,1,0,0,0
"Q137",0,1,0,0,3,0,1,0,0,0,0,0,0,0,0,0,0,1,0,0,0,0,0,0,0,0,2,3,0,0,0,3,0,0,1,0,0,2,0,0,0,0,0,0,0,0,0,2,0,0,1,0,0,0,0,1,0,0,0,0,0,3,0,0,0,0,0,0,0,3,3,0,0,2,0,1,0,0,1,0,0,0,0,0,3,0,0,0,0,0,0,3,2,0,0,0,3,3,1,0,0,3,2,0,0,0,1,0,0,0,0,1,0,0,0,0,0,0,0,0,3,0,0,0,3,3,0,3,0,0,3,3,0,0,0,0,2,0,0,3,0,1,0,0,2
"Q138",0,0,0,0,0,0,1,0,0,0,0,0,0,1,0,0,0,0,0,0,0,0,0,0,0,0,0,0,0,0,0,0,0,0,2,0,0,1,0,0,0,0,0,0,1,0,0,0,0,2,0,0,0,0,0,3,2,0,0,0,0,3,0,0,3,0,0,0,0,3,2,3,2,0,3,0,2,2,0,0,0,3,2,0,3,3,3,0,0,0,0,3,3,2,3,0,0,0,0,0,0,3,3,0,0,0,1,3,0,2,0,1,0,0,3,0,0,0,3,0,3,0,0,2,0,0,0,2,0,0,0,0,1,0,1,0,0,1,0,3,0,3,0,0,0
"Q139",0,0,0,0,0,0,2,0,0,3,3,1,0,2,0,0,0,0,0,0,0,0,0,0,0,0,0,0,0,0,0,0,0,0,3,0,0,0,0,0,1,0,0,0,1,0,0,0,0,0,3,0,0,0,0,0,2,0,2,0,0,3,0,0,1,0,2,0,0,3,3,3,0,2,0,3,2,1,2,0,0,3,3,0,3,0,0,0,0,0,0,3,1,3,1,2,0,0,0,0,0,3,0,0,0,1,3,0,0,3,3,0,1,0,2,0,0,0,0,0,3,0,0,0,3,3,0,1,0,0,2,2,0,0,0,0,2,0,0,3,0,0,0,0,0
"Q140",0,0,0,0,0,0,3,0,0,3,3,0,0,3,0,0,0,2,0,0,0,0,0,0,0,0,0,3,3,0,0,0,3,0,3,0,3,0,0,0,0,0,0,0,2,0,0,0,0,0,0,0,0,0,0,0,3,0,3,0,0,3,0,0,3,0,2,0,0,3,3,0,0,3,0,1,2,0,3,0,2,3,3,0,3,0,0,0,0,0,0,3,3,3,1,0,0,0,0,0,0,3,1,0,0,0,3,0,0,3,2,2,0,0,0,0,0,0,0,0,3,0,0,0,3,3,0,3,0,2,3,2,0,0,0,0,2,0,0,3,0,0,0,0,0
"Q141",0,0,0,0,0,1,3,0,0,2,2,0,0,3,0,0,0,1,0,0,0,0,0,0,0,0,0,3,0,0,0,0,0,0,3,0,1,0,0,0,1,0,0,0,1,0,0,2,0,0,2,0,0,0,0,0,2,0,2,0,0,3,0,0,3,0,2,0,0,3,3,3,0,3,0,0,1,0,3,0,0,3,3,0,3,0,0,0,0,0,0,3,1,3,0,0,0,1,0,0,0,3,2,0,0,0,3,0,0,2,3,1,0,0,1,0,0,0,0,0,3,0,0,0,3,3,0,3,0,0,2,0,0,0,0,0,3,0,0,3,0,3,0,0,1
"Q142",0,0,0,0,0,0,0,0,0,0,0,0,0,0,0,0,0,1,0,0,1,0,0,0,0,0,0,0,0,0,0,0,0,0,0,0,0,0,0,0,0,0,0,0,0,0,0,0,0,0,0,0,0,0,0,0,0,0,0,0,0,0,0,0,0,0,0,0,2,0,0,0,0,0,0,0,0,0,0,1,0,0,0,0,2,0,0,0,2,1,0,0,0,0,0,0,0,0,0,0,0,0,0,0,0,0,0,0,0,0,0,0,0,0,0,2,0,0,0,2,1,0,0,0,0,0,0,0,2,0,0,0,0,0,0,0,0,0,0,0,0,0,0,0,0
"Q143",0,0,0,0,0,0,0,0,0,3,0,0,0,2,0,0,0,0,0,0,0,0,0,0,0,0,0,0,0,0,0,0,0,0,3,0,0,0,0,0,0,0,0,0,0,0,0,1,0,3,3,0,0,0,0,0,3,0,0,0,0,3,0,0,2,0,3,0,0,3,3,3,0,3,0,0,3,0,3,0,0,3,3,0,3,0,0,0,0,0,0,3,0,3,2,0,0,0,0,0,0,3,0,0,0,0,3,0,0,2,0,0,0,0,0,0,0,0,0,0,1,0,0,0,3,3,0,1,0,0,1,0,0,0,0,0,0,0,0,3,0,1,0,0,0
"Q144",0,0,0,0,0,0,0,0,0,0,0,0,0,0,0,0,0,0,0,2,0,0,0,0,0,0,0,0,0,0,0,0,0,0,0,0,0,3,0,0,0,0,0,0,0,0,0,0,0,0,1,0,0,0,0,0,0,0,0,0,0,0,0,0,0,0,2,0,0,0,0,3,2,0,3,0,0,3,0,0,0,3,3,0,3,2,0,0,0,0,3,0,0,2,3,0,0,0,0,0,0,0,1,0,3,0,3,0,0,1,0,0,0,0,3,0,0,0,3,2,0,3,0,0,0,0,0,0,0,0,0,0,0,0,3,0,0,1,2,3,0,0,0,0,0
"Q145",0,0,0,0,0,0,0,0,0,0,0,0,0,0,0,0,0,0,0,1,0,0,0,0,0,0,0,0,0,0,1,0,0,0,0,0,0,0,0,0,0,0,0,0,0,0,0,0,0,1,0,0,0,0,0,0,0,2,0,0,0,1,0,0,0,1,0,0,0,2,0,0,0,0,1,0,0,0,0,0,0,2,2,0,2,0,0,0,0,0,1,2,0,1,1,0,0,0,0,0,0,2,2,0,0,0,2,0,0,0,2,0,0,0,2,0,0,0,0,2,0,2,0,0,0,0,0,0,0,0,0,0,0,0,2,0,0,1,0,2,0,0,0,0,0
"Q146",0,0,0,0,0,0,0,0,0,2,1,0,0,3,0,0,0,0,0,0,0,0,0,0,0,0,0,0,0,0,0,0,0,0,3,0,0,0,0,0,1,0,0,0,2,0,0,2,0,1,3,0,0,0,0,0,3,0,3,0,0,3,0,0,3,0,3,0,0,3,3,3,0,2,0,0,3,2,0,0,0,3,3,0,3,0,0,0,0,0,0,3,2,3,3,0,0,0,0,0,0,3,0,0,0,0,3,0,0,2,3,1,3,0,0,0,0,0,0,0,3,0,0,0,3,3,0,3,0,2,1,1,0,0,0,0,0,0,0,3,0,0,0,0,0
"Q147",0,0,0,0,0,0,1,0,0,3,2,0,1,3,0,0,0,3,0,0,0,0,0,0,0,0,0,0,0,0,0,0,0,0,3,0,0,0,0,0,0,0,0,0,2,1,0,2,0,0,3,0,0,0,0,0,3,0,0,1,0,3,0,0,3,0,2,0,0,3,3,3,1,2,0,0,0,0,3,0,0,3,1,0,3,0,0,0,0,0,0,3,0,2,1,0,0,0,0,0,0,3,1,0,0,0,2,0,0,2,2,2,0,0,0,0,0,0,0,0,3,0,0,0,3,3,0,3,0,0,3,3,0,0,0,0,3,0,0,3,0,1,0,0,0
"Q148",0,0,0,0,0,0,1,0,0,3,3,0,0,2,0,0,0,3,0,0,0,0,0,0,0,0,0,0,0,0,0,0,0,0,2,0,0,0,0,0,0,0,0,0,0,0,0,2,0,0,3,0,0,0,0,2,3,0,0,0,0,1,0,0,3,0,0,0,0,3,3,0,0,0,0,0,0,0,0,0,0,0,0,0,3,0,0,0,0,0,0,3,0,0,0,0,0,0,0,0,0,3,0,0,0,0,1,0,0,0,0,0,0,0,0,0,0,0,0,0,3,0,0,0,3,3,0,3,0,0,3,0,0,0,0,0,0,0,0,3,0,1,0,0,0
"Q149",0,0,0,0,0,0,2,0,0,3,0,0,0,3,0,0,0,0,0,0,0,0,0,0,0,0,0,0,0,0,0,0,0,0,3,0,0,0,0,0,0,0,0,0,0,0,0,0,0,2,3,0,0,0,0,0,0,0,0,0,3,2,0,0,0,0,3,0,0,3,3,3,3,3,0,0,3,3,2,0,0,3,3,0,0,0,0,0,0,0,0,3,0,3,3,0,0,0,0,0,0,3,0,0,0,0,3,0,0,3,3,0,0,0,1,0,0,0,0,0,0,0,0,0,3,0,0,0,0,1,2,0,0,0,0,0,0,0,0,3,0,3,0,0,0
"Q150",0,0,0,0,0,0,0,0,0,0,0,0,0,0,0,0,0,1,0,2,2,0,0,0,0,0,0,0,0,0,0,0,0,0,0,0,0,0,0,0,0,0,0,0,0,0,0,0,0,0,0,0,0,0,0,0,0,0,0,0,0,0,0,0,0,0,0,0,1,0,0,0,0,0,0,0,0,0,0,0,0,1,0,0,2,0,0,0,2,0,2,0,0,0,0,0,0,0,0,0,0,0,0,0,0,0,0,0,0,0,0,0,0,0,2,0,0,0,0,2,0,0,0,0,0,0,0,0,1,0,0,0,0,2,1,2,0,0,0,2,0,0,0,0,0
"Q151",0,0,0,0,0,0,0,0,0,0,0,0,0,1,0,0,0,1,0,0,0,0,0,0,0,0,0,0,0,0,0,0,0,0,0,0,0,3,0,0,0,0,0,0,0,0,0,0,0,0,3,0,0,0,0,0,0,0,0,0,3,0,0,0,0,0,3,0,0,2,1,3,3,1,3,3,1,3,0,0,0,3,3,0,3,3,1,0,0,0,0,3,0,3,3,0,0,0,0,0,0,3,2,0,2,0,3,1,0,1,0,1,0,0,3,0,0,0,3,0,3,2,0,2,0,1,0,0,0,0,0,0,0,0,1,0,0,2,2,3,0,3,0,0,0
"Q152",0,0,0,0,0,0,0,0,0,0,0,0,0,0,0,0,0,2,0,0,0,0,0,0,0,0,0,0,0,0,0,0,0,0,0,0,0,0,0,0,0,0,0,0,0,0,0,0,0,0,0,0,0,0,0,0,0,0,0,0,0,0,0,0,0,0,0,0,0,0,0,0,0,0,0,0,0,0,0,0,0,2,0,0,2,0,0,0,2,0,0,0,0,0,0,0,0,0,0,0,0,0,0,0,0,0,0,0,0,0,0,0,0,0,1,2,0,0,0,2,0,2,0,0,0,0,0,0,2,0,0,0,0,0,1,0,0,0,0,0,0,0,0,0,0
"Q153",0,0,0,0,0,0,0,0,0,0,0,0,0,0,0,0,0,0,0,1,0,0,0,0,0,0,0,0,0,0,0,0,0,0,0,0,0,3,0,0,0,0,0,0,0,0,0,0,0,1,1,0,0,0,0,0,0,0,0,0,0,0,0,0,0,0,1,0,0,0,0,3,3,0,3,0,0,3,0,0,0,3,3,0,1,0,0,0,0,0,1,1,0,3,3,0,0,0,0,0,0,0,0,0,2,0,3,0,0,3,0,0,0,0,3,0,0,0,3,3,0,0,0,0,0,0,0,0,0,0,0,0,0,0,3,0,0,1,3,3,0,0,0,0,0
"Q154",0,0,3,0,0,0,3,0,0,1,3,0,0,3,0,0,0,1,0,0,0,0,0,0,0,0,0,0,0,0,0,0,3,0,3,0,0,0,0,0,0,0,0,0,3,1,0,1,0,0,3,0,0,0,0,0,2,0,0,0,2,3,0,0,3,0,0,0,0,3,3,2,0,3,0,2,2,1,2,0,3,3,3,0,3,0,0,0,0,0,0,3,0,3,0,0,0,0,0,0,0,3,0,0,0,0,3,0,0,1,3,2,2,0,0,0,0,0,0,0,3,3,0,0,3,3,0,3,0,0,3,2,0,0,0,0,3,0,0,3,0,0,0,0,0
"Q155",0,0,0,0,0,0,0,0,0,3,0,0,0,0,0,0,0,1,0,0,0,0,0,0,0,0,0,0,0,0,0,0,0,0,3,0,0,0,0,0,0,0,0,0,0,0,0,2,0,0,3,0,0,0,0,0,1,0,0,0,0,3,0,0,0,0,3,0,0,3,3,3,1,3,0,0,2,2,0,0,0,3,3,0,3,0,0,0,0,0,0,3,0,3,1,0,0,0,0,0,0,3,1,0,0,0,3,0,0,3,2,0,0,0,1,0,0,0,0,0,3,0,0,0,2,3,0,3,0,0,3,1,0,0,0,0,0,0,0,3,0,3,0,0,0
"Q156",0,0,0,0,0,0,0,0,0,0,0,0,0,0,0,0,0,0,0,0,0,0,0,0,0,0,0,0,0,0,0,0,0,1,3,0,0,0,0,0,0,0,0,0,0,0,0,0,0,1,3,0,0,0,0,0,0,0,0,0,1,0,0,0,0,0,2,0,0,3,3,3,2,3,0,1,2,3,0,0,0,3,3,0,0,0,0,0,0,0,0,3,0,3,3,0,0,0,0,0,0,3,0,0,0,0,3,0,1,3,1,0,0,0,0,0,0,0,0,0,0,0,0,0,0,0,0,0,0,2,1,0,0,0,0,0,0,0,0,3,0,0,0,0,0
"Q157",0,0,0,0,0,0,0,0,0,0,0,0,0,0,0,0,0,0,0,0,0,0,0,0,0,0,0,0,0,0,0,0,0,0,0,0,0,0,0,0,0,0,0,0,0,0,0,0,0,0,0,0,0,0,0,0,0,0,0,0,0,0,0,0,0,0,0,0,0,0,0,0,0,0,0,0,0,0,0,0,0,1,0,0,2,0,0,0,2,0,0,0,0,0,0,0,0,0,0,0,0,0,0,0,0,0,0,0,0,0,0,0,0,0,1,2,0,0,0,2,0,2,0,0,0,0,0,0,1,0,0,0,0,1,0,0,0,0,0,0,0,0,0,0,0
"Q158",0,0,0,0,0,0,0,0,0,0,0,1,0,0,0,0,0,0,0,0,0,0,0,0,0,0,0,0,0,0,0,0,0,0,1,0,0,3,0,0,0,0,0,0,0,0,0,2,0,3,3,0,0,0,0,0,0,0,0,0,2,0,0,0,0,0,3,0,0,3,3,3,3,3,3,1,3,3,0,0,0,3,3,0,3,1,0,0,0,0,0,2,0,0,3,0,0,0,0,0,0,3,2,1,0,0,3,0,0,1,0,2,0,0,3,0,0,0,3,0,0,0,0,0,0,0,0,0,0,0,0,0,0,0,0,0,0,0,3,3,0,0,0,3,0
"Q159",0,0,0,0,0,0,0,0,0,0,0,0,0,1,0,0,0,1,0,2,0,0,0,1,0,0,0,0,0,0,0,0,0,0,0,0,0,0,0,0,0,0,0,0,1,0,0,0,0,0,0,0,0,0,0,2,0,0,0,0,0,1,0,0,2,0,0,0,0,0,0,2,0,0,1,0,0,0,0,0,0,2,1,0,2,0,2,0,2,0,2,2,0,0,1,0,0,0,0,0,0,0,1,0,2,0,2,0,0,2,0,0,0,0,2,0,0,0,2,2,2,0,0,0,0,0,0,0,2,0,0,0,0,2,2,0,1,2,1,2,0,0,0,0,0
"Q160",0,0,0,0,0,0,3,0,0,1,1,0,0,1,0,0,0,0,0,0,0,0,0,0,0,0,0,0,0,0,0,0,3,0,1,0,1,1,0,0,0,0,0,0,2,0,0,0,0,0,0,0,0,0,0,0,0,0,1,0,0,3,0,0,3,0,0,0,0,3,2,0,0,0,0,0,0,0,0,0,3,2,1,0,3,0,0,0,0,0,0,3,0,0,0,0,0,0,0,0,0,3,0,0,0,0,0,0,0,0,0,0,0,0,1,0,0,0,0,0,3,1,0,0,0,3,0,0,0,0,1,2,0,0,0,0,2,0,0,3,0,0,0,0,0
"Q161",0,0,0,0,0,0,0,0,0,3,0,1,0,3,0,0,0,1,0,0,0,0,0,0,0,0,0,0,0,0,0,0,0,0,3,0,0,2,0,0,0,0,0,0,2,0,0,3,0,0,2,0,0,0,0,0,3,0,2,0,0,3,0,0,3,0,3,0,0,3,3,3,0,0,0,0,3,0,3,0,0,3,3,0,3,1,0,0,0,0,0,3,3,3,1,0,0,0,0,0,0,3,2,0,0,0,3,0,0,3,3,1,2,0,0,0,0,0,1,0,3,0,0,2,3,3,0,3,0,0,3,1,0,0,0,0,0,0,0,3,0,3,0,0,0
"Q162",0,0,0,0,0,0,3,0,0,3,3,1,2,3,0,0,0,0,0,0,0,0,0,0,0,0,0,0,0,0,0,0,1,0,3,0,0,0,0,0,0,0,0,0,0,0,0,1,0,1,3,0,0,0,0,0,3,0,1,0,1,3,0,0,3,0,3,0,0,3,3,3,3,3,0,0,3,2,3,0,0,3,3,0,3,0,0,0,0,0,0,3,1,3,3,0,0,0,0,0,0,3,0,0,0,0,3,0,1,3,3,1,2,0,3,0,0,0,0,0,3,1,0,0,3,3,0,0,0,1,3,0,0,0,0,0,0,1,0,3,0,0,0,0,0
"Q163",0,0,0,0,0,0,0,0,0,1,0,0,0,2,0,0,1,0,0,0,0,0,0,1,0,0,0,0,0,0,0,0,2,0,3,0,3,0,0,0,0,0,0,0,3,0,0,0,0,2,3,0,0,0,0,0,0,0,0,0,0,3,0,0,3,0,2,0,0,3,3,3,1,3,0,2,2,0,1,0,0,3,3,0,3,0,0,0,0,0,0,3,0,2,1,0,0,0,0,0,0,3,0,0,0,0,3,0,0,3,3,0,0,0,0,0,0,0,0,0,0,0,0,0,3,3,0,3,0,0,3,0,0,0,0,0,1,0,1,3,0,3,0,0,0
"Q164",0,0,0,0,0,0,0,0,0,0,0,1,0,0,0,0,0,0,0,2,0,0,0,0,0,0,0,0,0,0,0,0,0,0,0,0,0,3,0,0,0,0,0,0,0,0,0,0,0,0,3,0,0,0,0,0,0,0,0,0,0,0,0,0,0,0,1,0,0,0,0,3,2,0,2,0,0,3,0,0,0,3,3,0,3,0,0,0,0,0,1,0,0,3,3,0,0,0,0,0,0,3,0,0,3,0,3,0,0,3,0,0,0,0,3,0,0,0,3,1,0,1,0,0,0,0,0,0,0,0,0,0,0,0,3,0,0,0,1,3,0,0,0,0,0
"Q165",0,0,0,0,0,0,0,0,0,0,0,0,0,0,0,0,0,0,0,0,0,1,0,0,0,0,0,0,0,0,0,0,0,0,0,0,0,3,0,0,0,0,0,0,0,0,0,0,0,0,0,0,0,0,0,0,0,0,0,0,0,0,0,0,0,3,1,0,0,3,3,3,3,3,3,2,0,2,0,0,0,3,3,0,3,1,0,0,0,0,0,3,0,3,3,0,0,0,0,0,0,3,1,0,2,0,3,3,3,3,3,0,0,0,3,0,0,0,3,0,2,0,0,0,0,0,0,0,0,0,0,0,0,0,0,0,1,3,1,3,0,0,0,3,0
"Q166",0,0,0,0,0,0,0,0,1,0,0,0,0,1,0,0,0,0,0,0,0,0,0,0,0,0,0,0,0,0,0,0,0,0,1,0,0,2,0,0,0,0,0,0,0,0,3,2,0,0,2,0,0,0,0,0,0,0,0,0,2,0,0,0,0,0,3,0,0,3,3,3,0,3,0,2,3,0,2,0,0,3,3,0,2,3,0,0,0,0,0,3,0,2,3,0,0,0,0,0,0,3,0,0,0,0,3,3,2,0,0,1,0,0,0,0,0,0,0,0,0,0,0,0,0,0,0,0,0,0,1,0,0,0,0,0,0,1,0,3,0,0,0,3,0
"Q167",0,0,0,0,0,0,0,0,0,0,0,0,1,0,0,0,0,0,0,1,0,1,0,0,0,0,0,0,0,0,0,0,0,0,0,0,0,1,0,0,0,0,0,0,0,0,0,0,0,1,2,0,0,0,0,0,0,0,0,0,0,0,0,0,0,1,1,0,0,0,0,3,3,0,2,0,0,3,0,0,0,3,3,0,3,1,0,0,0,0,1,3,0,3,3,0,0,0,0,0,0,2,1,0,2,0,1,1,0,3,3,2,0,0,3,0,0,0,3,0,0,2,0,0,0,0,0,0,0,0,0,0,0,0,1,0,0,3,1,3,0,0,0,0,0
"Q168",0,0,0,0,0,0,0,0,0,0,0,0,0,1,0,0,0,0,0,0,0,0,0,0,0,0,0,0,0,0,0,0,0,0,1,0,0,2,0,0,0,0,0,0,0,0,0,0,0,1,1,0,0,0,0,0,0,0,0,0,1,3,0,0,0,1,3,0,0,3,0,3,2,0,2,1,1,3,0,0,1,3,3,0,3,0,0,0,0,0,0,3,2,3,3,0,0,0,0,0,0,3,0,0,0,0,1,0,0,3,3,0,2,0,3,0,0,0,2,2,3,1,0,0,0,0,0,0,0,0,0,0,1,3,0,0,0,1,1,3,0,0,0,0,0
"Q169",0,0,0,0,0,0,0,0,0,0,0,0,0,0,0,0,0,2,0,0,1,0,0,0,0,0,0,0,0,0,0,0,0,0,0,0,0,0,0,0,0,0,0,0,0,0,0,0,0,0,0,0,0,0,0,0,0,0,0,0,0,0,0,0,0,0,0,0,2,0,0,0,0,0,0,0,0,0,0,1,0,2,0,0,2,0,0,0,0,0,2,0,0,0,0,0,0,0,0,0,0,0,0,0,2,0,0,0,0,0,0,0,0,0,2,2,0,0,0,2,1,0,0,0,0,0,0,0,0,0,0,0,0,2,2,2,0,0,0,0,0,0,0,0,0
"Q170",0,0,0,0,0,0,0,0,0,0,0,0,0,3,0,0,0,0,0,0,0,0,0,0,0,0,0,0,0,0,0,0,0,0,3,0,0,3,0,0,0,0,0,0,0,0,0,0,0,0,2,0,0,0,0,2,3,0,0,0,0,3,0,0,0,0,1,0,0,3,3,3,0,2,1,1,0,2,0,0,2,3,3,0,3,0,1,0,0,0,0,3,3,3,3,0,0,0,0,0,0,3,2,0,0,3,3,0,0,3,3,2,0,0,3,0,1,0,3,0,3,3,0,2,0,2,0,0,0,1,0,2,0,0,0,0,0,1,0,3,0,3,0,0,0
"Q171",0,0,0,0,0,0,1,0,0,3,1,0,0,3,0,0,0,1,0,0,0,0,0,0,0,0,0,0,0,0,0,0,1,0,3,0,0,0,0,0,0,0,0,0,0,0,0,3,0,1,3,0,0,0,0,0,3,0,0,0,0,3,0,0,3,0,0,0,0,3,3,1,1,3,0,0,2,1,3,0,0,3,3,0,3,0,0,0,0,0,0,3,0,3,0,0,0,0,0,0,0,3,0,0,0,0,3,0,3,2,3,1,0,0,0,0,0,0,0,0,3,0,0,0,3,3,0,3,0,0,3,0,0,0,0,0,2,0,0,3,0,1,0,0,0
"Q172",0,0,0,0,0,0,0,0,0,3,0,0,1,2,0,0,0,0,0,0,0,0,0,1,0,0,0,0,0,0,0,0,0,1,3,1,0,0,0,0,0,0,0,0,0,0,0,2,0,2,3,0,0,0,0,3,0,0,0,0,0,3,0,0,0,0,3,0,0,3,3,3,0,1,0,0,3,0,2,0,0,3,3,0,3,0,0,0,0,0,0,3,0,3,2,0,0,0,0,0,0,3,0,0,0,0,3,0,0,3,1,0,0,0,3,0,0,0,0,0,2,0,0,2,0,3,0,3,0,0,3,0,0,0,0,0,0,0,0,3,0,3,0,0,0
"Q173",1,0,0,0,0,0,2,0,0,1,0,0,0,0,0,0,0,1,0,0,0,0,0,0,0,0,0,1,0,0,0,0,0,1,3,0,0,0,0,0,0,0,0,0,0,0,0,0,0,2,2,0,0,0,0,2,0,0,0,1,0,2,0,0,0,0,0,0,0,3,2,3,0,0,0,0,1,1,1,0,0,3,3,0,0,0,0,0,0,0,0,3,0,3,3,0,0,0,0,0,0,3,0,1,0,0,3,0,0,2,1,0,0,0,0,0,0,0,0,0,0,0,0,0,0,0,0,1,0,0,0,0,0,0,0,0,0,0,0,3,0,3,0,0,0
"Q174",0,0,0,0,0,0,0,0,0,0,0,0,0,0,0,0,0,0,0,0,0,0,0,0,0,0,0,0,0,0,0,0,0,0,0,0,0,1,0,0,0,0,0,0,2,0,1,1,0,0,3,0,1,0,0,0,1,0,0,0,2,2,0,0,0,0,3,0,0,3,3,0,0,3,0,2,3,0,3,0,0,3,3,0,2,3,0,0,0,0,0,3,0,0,0,0,0,0,0,0,0,3,0,0,0,0,3,1,0,0,0,1,0,0,0,0,0,0,0,0,3,0,0,0,0,0,3,3,0,0,0,1,0,0,0,0,3,0,0,3,0,0,0,3,0
"Q175",0,0,0,0,0,0,0,0,0,0,0,0,0,0,0,0,0,0,0,0,1,0,0,0,0,0,0,0,0,0,0,0,0,0,0,0,0,0,0,0,0,0,0,0,0,0,0,0,0,0,0,0,0,0,0,0,0,0,0,0,0,0,0,0,0,0,0,0,0,0,0,0,0,0,0,0,0,0,0,0,0,1,0,0,1,0,0,0,2,0,0,0,0,0,0,0,0,0,0,0,0,0,0,0,0,0,0,0,0,0,0,0,0,0,0,2,0,0,0,2,0,0,0,0,0,0,0,0,1,0,0,0,0,0,0,0,0,0,0,0,0,0,0,0,0
"Q176",0,0,0,0,0,0,1,0,0,0,0,0,0,0,0,0,0,1,0,1,0,0,0,0,0,0,0,0,0,0,0,0,0,0,0,0,0,2,0,0,0,0,0,0,0,0,0,0,0,0,0,0,0,0,0,0,0,1,0,0,0,0,0,0,0,2,1,0,2,0,0,1,2,0,2,0,0,1,0,1,0,2,1,0,2,0,0,0,2,0,1,0,0,2,1,0,0,0,0,0,0,2,2,0,2,0,2,0,0,1,0,0,0,0,2,0,0,0,0,2,2,1,0,0,0,0,0,0,0,0,0,0,1,2,2,0,0,1,0,2,0,0,0,0,0
"Q177",0,0,0,0,0,0,0,0,0,0,0,0,0,1,0,0,0,1,0,2,0,0,0,0,0,0,0,0,0,0,0,0,0,0,0,0,0,3,0,0,0,0,0,0,0,0,0,3,0,0,0,0,0,0,0,0,0,2,0,0,0,3,0,0,0,0,0,0,0,0,0,3,2,0,3,0,0,3,0,0,0,3,3,0,2,0,0,0,0,0,2,3,0,3,3,0,0,0,0,0,0,3,2,0,1,0,2,1,0,3,3,0,0,0,3,0,0,0,2,3,2,3,0,0,0,0,0,0,0,0,0,0,0,2,0,3,0,1,0,3,0,0,0,0,0
"Q178",0,0,0,0,0,0,1,0,0,3,0,0,0,1,0,0,0,0,0,0,0,0,0,0,0,0,0,0,0,0,0,0,0,0,2,0,0,1,0,0,1,0,0,0,0,0,0,0,0,0,0,0,0,0,0,3,0,0,0,0,0,3,0,0,3,0,0,0,0,3,3,0,1,1,0,0,0,0,0,0,0,3,1,0,3,0,0,0,0,0,0,3,0,0,0,0,0,0,0,0,0,3,0,0,0,0,1,0,0,0,1,0,0,0,0,0,0,0,0,0,2,3,0,0,2,3,0,3,0,0,3,0,0,0,0,0,2,0,0,3,0,2,0,0,0
"Q179",0,0,0,0,0,0,0,0,0,0,0,0,0,0,0,0,0,0,0,0,0,0,0,0,0,0,0,0,0,0,0,0,0,0,2,0,0,3,0,0,0,0,0,0,0,0,0,0,0,1,3,0,0,0,0,0,0,0,0,0,1,0,0,0,0,0,3,0,0,3,3,3,0,3,3,1,3,3,1,0,0,3,3,0,0,3,0,0,0,0,0,3,0,3,1,0,0,0,0,0,0,3,0,0,0,0,3,1,3,3,3,0,0,0,1,0,0,0,0,0,0,0,0,0,0,0,0,0,0,0,0,0,0,0,0,0,0,0,0,3,0,0,0,3,0
"Q180",0,0,0,0,0,0,0,0,0,0,0,0,0,0,0,0,0,0,0,0,0,0,0,0,0,0,0,0,0,0,0,0,0,0,0,0,0,0,0,0,0,0,0,0,0,0,0,0,0,1,3,0,0,0,0,0,0,1,1,0,1,0,0,0,0,0,2,0,0,3,3,1,0,3,0,3,3,2,0,0,1,3,3,0,2,3,0,0,0,0,0,3,0,2,0,0,0,0,0,0,0,3,2,0,0,0,3,0,0,0,1,1,0,0,1,0,0,0,0,0,2,3,0,1,0,1,3,0,0,0,0,0,0,0,0,0,2,0,0,3,0,0,0,3,0
"Q181",0,0,0,0,0,0,0,0,0,0,0,0,0,0,0,0,0,0,0,3,0,0,1,0,0,0,0,0,0,0,0,0,0,0,0,0,0,1,0,0,0,0,0,0,0,0,0,0,0,1,0,0,0,0,0,0,0,0,0,0,0,0,0,0,0,1,0,0,0,0,0,3,3,0,1,0,0,3,0,0,0,3,3,0,2,0,0,0,2,0,0,0,0,3,3,0,0,0,0,0,0,0,0,0,3,0,1,0,0,3,3,0,0,0,3,0,0,0,2,2,0,0,0,0,0,0,0,0,0,0,0,0,0,0,0,0,0,1,0,3,0,0,0,0,0
"Q182",0,0,0,0,0,0,0,0,0,0,0,0,1,0,0,0,0,0,0,0,0,0,0,0,0,0,0,0,0,0,0,0,0,0,3,0,0,1,0,0,0,0,0,0,0,0,0,0,0,0,2,0,0,2,0,0,0,0,0,0,0,0,0,0,0,3,1,0,0,0,0,3,3,0,2,0,0,3,0,0,0,3,3,0,0,0,0,0,0,0,3,3,0,3,3,0,0,0,0,0,0,3,0,0,2,0,3,2,0,3,3,0,0,0,3,0,0,0,3,0,0,0,0,0,0,0,0,0,0,0,0,0,3,0,0,0,0,3,3,3,0,0,0,0,0
"Q183",0,0,0,0,0,0,0,0,0,2,0,0,0,1,0,0,0,0,0,0,0,0,0,0,0,0,0,0,0,0,0,0,0,0,1,0,0,2,0,0,0,0,0,0,0,0,0,0,0,2,1,0,0,0,0,0,0,0,0,0,0,0,0,0,0,2,1,0,0,0,0,3,3,0,3,0,1,0,0,0,0,3,3,0,3,0,0,0,0,0,2,3,0,3,3,0,0,0,0,0,0,3,0,0,0,0,3,0,0,3,3,0,0,0,3,0,0,0,3,0,3,0,0,0,0,0,0,0,0,0,0,1,0,0,0,0,0,2,0,3,0,0,0,0,0
"Q184",1,1,0,0,2,0,3,0,0,3,3,0,0,2,0,0,1,2,0,0,0,0,0,0,0,1,1,3,0,0,0,0,0,0,3,0,0,3,0,0,0,0,0,0,1,3,0,3,2,1,3,0,2,0,0,0,2,0,0,2,0,3,0,0,3,0,3,0,0,3,3,0,0,3,0,3,3,2,3,0,0,3,3,0,2,0,0,0,0,0,0,3,3,3,0,0,0,2,1,0,0,3,2,0,0,2,3,0,0,1,2,2,0,0,0,0,0,0,0,0,3,1,3,0,3,3,0,3,0,3,3,2,0,0,0,0,0,0,0,3,0,3,0,0,0
"Q185",0,0,0,0,0,0,0,0,0,0,0,0,0,0,0,0,0,1,0,1,0,0,0,0,0,0,0,0,0,0,0,0,0,0,0,0,0,0,0,0,0,0,0,0,0,0,0,0,0,0,0,0,0,0,0,0,0,0,0,0,0,0,0,0,0,0,0,0,0,0,0,2,0,0,0,0,0,0,0,0,0,2,2,0,2,0,0,0,0,0,0,1,0,0,0,0,0,0,0,0,0,2,0,0,1,0,2,0,0,0,0,0,0,0,2,2,0,0,0,2,0,1,0,0,0,0,0,0,0,0,0,0,0,0,2,0,0,0,0,2,0,0,0,0,0
"Q186",0,0,0,0,0,0,0,0,0,0,0,0,0,0,0,0,0,1,0,0,2,0,0,0,0,0,0,0,0,0,0,0,0,0,0,0,0,2,0,0,0,0,0,0,0,0,0,0,0,0,0,0,0,0,0,0,0,0,0,0,0,0,0,0,0,1,0,0,2,0,0,0,0,0,0,0,0,0,0,0,0,2,1,0,2,0,0,0,2,0,2,1,0,0,0,0,0,0,0,0,0,1,1,0,1,0,1,0,0,0,0,0,0,0,2,2,0,0,1,2,0,0,0,0,0,0,0,0,0,0,0,0,0,0,0,1,0,0,0,2,0,0,0,0,0
"Q187",0,0,0,0,0,0,0,0,0,0,0,0,0,0,0,0,0,2,0,0,0,0,0,0,0,0,0,0,0,0,0,0,0,0,0,0,0,0,0,0,0,0,0,0,0,0,0,0,0,0,0,0,0,0,0,0,0,0,0,0,0,0,0,0,0,0,0,0,0,0,0,0,0,0,0,0,0,0,0,0,0,0,0,0,1,0,1,0,2,0,0,0,0,0,0,0,0,0,0,0,0,0,0,0,0,0,0,0,0,0,0,0,0,0,1,2,0,0,0,2,0,0,0,0,0,0,0,0,0,0,0,0,0,0,0,0,0,0,0,0,0,0,0,0,0
"Q188",0,0,0,0,0,0,0,0,0,0,2,0,0,2,0,0,0,1,0,0,0,0,0,0,0,0,0,0,0,0,0,0,0,0,0,0,0,3,0,0,0,0,0,0,1,0,0,2,0,3,3,0,0,0,0,0,2,0,2,0,0,2,0,0,0,0,3,0,0,3,3,2,0,3,0,1,3,0,3,0,0,2,2,0,3,3,0,0,0,0,0,3,0,3,0,0,0,0,0,0,0,3,0,0,0,0,3,1,0,0,3,3,0,0,0,0,0,0,0,0,2,0,0,3,0,0,3,0,0,0,3,1,0,0,0,0,1,0,0,3,0,0,2,0,0
"Q189",0,0,0,0,0,0,0,0,0,0,0,0,0,0,0,0,0,0,0,2,0,1,2,0,0,0,0,0,0,0,0,0,0,0,0,0,0,3,0,0,0,0,0,0,0,0,0,0,0,3,2,0,0,0,0,0,0,0,0,0,0,0,0,0,0,2,1,0,0,0,0,3,3,0,3,0,0,3,0,0,0,3,3,0,3,2,0,0,0,0,3,1,0,3,3,0,0,0,0,0,0,0,0,0,3,0,3,0,0,1,0,1,0,0,3,1,0,0,3,1,0,0,0,0,0,0,0,0,0,0,0,0,1,1,1,0,0,2,2,3,0,0,0,0,0
"Q190",0,0,0,0,0,0,0,0,0,0,0,0,0,1,0,0,0,0,0,0,0,0,0,0,0,0,0,0,0,0,0,0,0,0,1,0,0,1,0,0,0,0,0,0,0,0,0,0,0,0,3,0,0,0,0,0,0,0,0,0,0,0,0,0,0,0,3,0,0,3,3,2,0,3,0,0,3,0,3,0,0,3,3,0,0,3,0,0,0,0,0,3,0,2,0,0,0,0,0,0,0,3,0,0,0,0,3,0,0,0,0,0,0,0,0,0,0,0,0,0,0,0,0,0,0,0,0,0,0,0,0,0,0,0,0,0,0,0,0,3,0,0,0,2,0
"Q191",0,0,0,0,0,0,0,0,0,0,0,0,0,0,0,0,0,0,0,1,0,0,0,0,0,0,0,0,0,0,0,0,0,0,0,0,0,2,0,0,0,0,0,0,0,0,0,0,0,2,3,0,0,0,0,3,0,0,0,0,1,0,0,0,0,3,2,0,0,3,0,3,1,0,3,1,0,0,0,0,0,3,3,0,3,0,0,0,0,0,2,3,0,3,3,0,0,0,0,0,0,3,1,0,3,0,3,1,0,3,0,0,0,0,3,0,0,0,3,0,1,0,0,0,0,0,0,0,0,0,0,0,0,3,2,0,0,1,2,3,0,0,0,3,0
"Q192",0,0,0,0,0,0,0,0,0,0,0,0,0,0,0,0,0,0,0,0,1,0,0,0,0,0,0,0,0,0,0,0,0,0,0,0,0,0,0,0,0,0,0,0,0,0,0,0,0,0,0,0,0,0,0,0,0,0,0,0,0,0,0,0,0,0,0,0,1,0,0,0,0,0,0,0,0,0,0,0,0,0,0,0,2,0,0,0,2,0,0,0,0,0,0,0,0,0,0,0,0,0,0,0,0,0,0,0,0,0,0,0,0,0,0,2,0,0,0,2,0,1,0,0,0,0,0,0,2,0,0,0,0,0,0,0,0,0,0,0,0,0,0,0,0
"Q193",0,0,0,0,0,0,0,0,0,1,0,0,0,3,0,0,0,0,0,0,0,0,0,0,0,0,0,0,0,0,0,0,0,0,3,0,0,0,0,0,0,0,0,0,0,0,0,2,0,0,3,0,0,0,0,0,0,0,0,0,0,3,0,0,0,0,3,0,0,3,2,3,3,2,0,1,3,3,0,0,0,3,3,0,3,1,0,0,0,0,0,3,0,3,3,0,0,0,0,0,0,3,0,0,0,0,3,0,0,2,1,0,1,0,2,0,0,0,0,0,3,0,0,0,1,0,0,0,0,0,0,3,0,0,0,0,0,2,0,3,0,0,0,0,0
"Q194",0,0,0,0,0,0,3,0,0,3,2,0,0,3,0,0,0,0,0,0,0,0,0,0,0,0,0,0,0,0,0,0,0,0,3,0,2,0,0,0,0,0,0,0,1,0,0,1,0,0,3,0,0,0,0,0,3,0,1,0,0,3,0,0,3,0,2,0,0,3,3,0,0,1,0,0,3,1,1,0,3,3,3,0,3,0,0,0,0,0,0,3,1,3,0,0,0,0,0,0,0,3,0,0,0,0,3,0,0,2,1,3,0,0,1,0,0,0,0,0,2,1,0,0,3,3,0,3,0,1,3,1,0,0,0,0,3,0,0,3,0,3,0,0,0
"Q195",0,0,0,0,0,0,0,0,0,3,2,0,0,3,0,0,0,0,0,0,0,0,0,0,0,0,0,0,0,0,0,0,0,0,3,0,0,3,0,0,3,0,0,0,0,0,0,3,0,3,3,3,1,0,0,0,0,0,0,0,2,3,0,0,0,0,3,0,0,3,3,3,1,3,0,0,3,3,3,0,0,3,3,0,3,0,0,0,0,0,0,3,1,3,3,0,0,0,0,0,0,3,2,0,0,0,3,0,2,2,3,2,1,0,0,0,0,0,0,0,1,0,0,0,3,1,0,2,0,3,0,0,0,0,0,0,0,0,0,3,0,1,0,0,0
"Q196",0,0,0,0,0,0,3,0,0,0,0,0,0,0,0,0,0,0,0,0,0,0,0,0,0,0,1,0,0,0,0,0,0,0,3,2,3,2,1,0,0,0,0,0,0,0,2,3,0,0,3,0,0,0,0,0,3,0,2,2,0,3,0,0,0,0,3,0,0,3,3,0,0,1,0,3,1,0,3,0,0,0,1,3,0,3,0,0,0,0,0,3,0,3,0,0,0,0,2,2,0,3,0,1,0,0,1,0,0,0,0,1,0,0,0,0,0,0,0,0,3,0,0,2,3,0,3,3,0,0,0,3,0,0,0,0,1,0,0,3,0,0,0,0,0
"Q197",0,0,0,0,0,0,0,0,0,0,0,0,0,0,0,0,0,0,0,0,0,0,0,0,0,0,0,0,0,0,0,0,0,0,1,0,0,3,0,0,1,0,0,0,0,0,0,1,0,0,3,0,0,0,0,1,0,0,0,0,0,1,0,0,0,0,2,0,0,3,3,1,0,3,0,0,3,0,3,0,0,3,3,0,2,3,0,0,0,0,0,3,0,2,0,0,0,0,0,0,0,3,0,0,0,0,3,0,3,0,0,0,0,0,0,0,0,0,0,0,1,0,0,0,0,0,0,0,0,0,0,0,0,0,0,0,0,0,0,3,0,0,0,3,0
"Q198",0,0,0,0,0,0,0,0,0,0,0,0,0,0,0,0,0,0,0,0,0,0,0,0,0,0,0,0,0,0,0,0,0,0,3,0,3,3,0,0,0,0,0,0,0,0,0,2,0,0,0,0,0,0,0,0,0,0,0,1,0,3,0,0,0,0,2,0,0,3,2,0,0,1,0,1,2,0,2,0,1,3,3,0,1,0,0,0,0,0,0,3,0,1,0,0,0,0,0,0,0,3,0,0,0,0,0,0,0,0,0,0,0,0,0,0,0,0,0,0,0,0,0,0,1,0,0,0,0,0,2,0,0,0,0,0,3,0,0,3,0,0,1,0,0
"Q199",0,0,0,0,0,0,0,0,0,0,0,0,0,1,0,0,0,0,0,0,0,0,0,0,0,0,0,0,0,0,0,0,0,0,3,0,0,3,0,0,0,0,0,0,0,0,1,3,0,0,2,0,0,0,0,0,1,0,0,0,0,3,0,0,0,0,3,0,0,3,3,1,0,2,0,2,3,0,2,0,0,3,3,0,0,2,0,0,0,0,0,3,0,2,0,0,0,0,0,0,0,3,0,0,0,0,0,0,0,0,0,1,0,0,0,0,0,0,0,0,2,1,0,0,1,0,3,0,0,0,2,3,0,0,0,0,1,0,0,3,0,0,0,0,0
"Q200",0,0,0,0,0,0,0,0,0,0,0,0,0,0,0,0,0,0,0,0,0,0,0,0,0,0,0,0,0,0,0,0,0,0,1,0,0,3,0,0,0,0,0,0,0,0,0,0,0,3,1,0,0,0,0,0,0,0,0,0,2,0,0,0,0,2,1,0,0,1,1,3,3,2,0,0,1,2,0,0,0,3,3,0,3,3,0,0,0,0,0,3,0,3,3,0,0,0,0,0,0,3,0,0,0,0,3,0,0,3,3,1,0,0,3,0,0,0,0,0,0,1,0,0,0,0,0,0,0,0,0,0,0,0,0,0,0,3,1,3,0,0,0,3,0
"Q201",0,0,0,0,0,0,1,0,0,0,0,0,1,0,0,0,0,0,0,0,0,0,0,0,0,0,0,0,0,0,0,0,0,0,3,0,0,0,0,0,0,0,0,0,0,0,0,0,0,0,3,0,0,0,0,0,2,0,2,0,0,3,0,0,0,0,0,0,0,3,2,0,0,3,0,1,2,0,3,0,0,1,2,0,2,3,0,0,0,0,0,3,0,3,0,0,0,0,0,0,0,3,0,0,0,0,3,0,0,0,0,1,0,0,0,0,0,0,0,0,3,0,0,2,3,0,3,3,0,0,1,2,0,0,0,0,3,0,0,3,0,0,0,1,0
"Q202",0,0,0,0,0,0,0,0,0,0,0,0,1,0,0,0,0,3,0,3,1,0,0,0,0,0,0,0,0,0,0,0,0,0,0,0,0,2,0,0,0,0,0,0,0,0,0,0,0,1,1,0,0,0,0,0,0,0,0,0,0,0,0,0,0,3,2,0,1,0,0,3,3,0,3,0,0,3,0,0,0,3,3,0,3,0,0,0,3,0,3,0,0,2,2,0,0,0,0,0,0,2,1,0,1,0,3,0,0,3,0,0,0,0,3,0,0,0,0,3,0,0,0,0,0,0,0,0,0,0,0,0,0,2,3,0,0,3,2,3,0,0,0,0,0
"Q203",0,0,0,0,0,0,0,0,0,1,0,0,0,2,0,0,0,0,0,0,0,0,0,0,0,0,0,0,0,0,0,0,0,0,3,0,0,0,0,0,1,0,0,0,0,0,0,0,0,2,2,0,0,0,0,0,0,0,0,0,3,3,0,0,0,1,2,0,0,3,2,3,0,2,0,1,1,2,0,0,0,3,3,0,3,0,0,0,0,0,2,3,0,3,3,0,0,0,0,0,0,3,0,0,0,0,3,1,0,3,3,1,0,0,3,0,0,0,2,0,3,2,0,0,0,0,0,0,0,0,0,1,0,0,0,0,0,1,0,3,0,0,0,0,0
"Q204",0,0,0,0,0,0,0,0,0,0,2,0,0,1,0,1,0,1,0,0,0,0,0,1,0,0,0,0,0,0,0,0,0,0,0,0,0,2,0,0,0,0,0,2,2,0,0,0,0,0,0,0,0,0,0,3,0,1,0,0,0,3,0,0,0,0,0,0,0,0,0,3,0,0,0,0,0,0,0,0,0,3,0,0,3,3,0,0,3,3,0,0,0,0,0,0,0,0,0,0,0,3,1,0,0,0,3,0,0,3,3,2,0,0,3,0,0,2,3,1,2,0,0,0,0,0,0,0,0,0,0,0,0,0,0,0,0,0,0,3,0,0,0,3,0
"Q205",0,0,0,0,0,0,0,0,0,0,0,0,0,0,0,0,0,1,0,1,1,0,1,0,0,0,0,0,0,0,0,0,0,0,0,0,0,1,0,0,0,0,0,0,0,0,0,0,0,0,0,0,0,0,0,0,0,0,0,0,0,0,0,0,0,0,0,0,2,0,0,0,0,0,0,0,0,0,0,0,0,2,0,0,2,0,0,0,2,0,0,0,0,0,0,0,0,0,0,0,0,0,0,0,2,0,0,0,0,0,0,0,0,0,2,1,0,0,0,2,0,0,0,0,0,0,0,0,0,0,0,0,0,0,0,0,0,0,0,1,0,0,0,0,0
"Q206",0,0,0,0,0,0,0,0,0,0,0,0,0,0,0,0,0,1,0,1,2,0,0,0,0,0,0,0,0,0,0,0,0,0,0,0,0,2,0,0,0,0,0,0,0,0,0,0,0,0,0,0,0,0,0,0,0,0,0,0,0,0,0,0,0,0,0,0,0,0,0,2,2,0,2,0,0,0,0,0,1,2,1,0,2,0,0,0,2,0,2,0,0,1,1,0,0,0,0,0,0,0,1,0,0,0,1,0,0,2,0,0,0,0,2,0,0,0,0,2,0,2,0,0,0,0,0,0,1,0,0,0,0,0,1,0,0,0,0,2,0,0,0,0,0
"Q207",0,0,0,0,0,0,0,0,0,0,0,0,0,0,0,0,0,3,0,3,0,0,0,0,0,0,0,0,0,0,0,0,0,0,0,0,0,3,0,0,0,0,0,0,2,0,0,0,0,1,2,0,0,0,0,0,0,0,0,0,0,3,0,0,0,1,1,0,0,3,0,3,3,0,3,0,0,3,0,0,0,3,3,0,3,0,2,0,0,0,2,2,0,2,1,0,0,0,0,0,0,3,3,0,2,0,3,2,0,3,3,1,0,0,3,0,0,0,3,3,3,0,0,0,0,0,0,0,0,0,0,0,0,2,3,0,0,3,0,3,0,3,0,0,0
"Q208",0,0,0,0,0,0,0,0,0,0,0,0,0,1,0,0,0,2,0,0,0,0,0,0,0,0,0,0,0,0,0,0,0,0,0,0,0,3,0,0,0,0,0,0,0,0,0,0,0,0,1,0,0,0,0,0,0,0,0,0,2,3,0,0,2,0,2,0,0,0,0,3,3,0,3,0,0,3,0,0,0,3,3,0,3,0,2,0,0,0,0,3,3,3,3,0,0,0,0,0,0,3,2,0,1,0,0,0,0,2,1,0,0,0,3,0,0,0,3,0,3,0,0,0,0,0,0,0,0,0,2,0,0,2,0,0,0,1,0,3,0,3,0,0,0
"Q209",0,0,0,0,0,0,0,0,0,0,0,0,0,0,0,0,0,0,0,3,0,0,0,0,0,0,0,0,0,0,0,0,0,0,0,0,0,2,0,0,1,0,0,0,0,0,0,2,0,2,0,0,0,0,0,0,0,0,0,0,1,3,0,0,0,2,3,0,0,3,1,3,2,2,3,0,1,3,0,0,0,3,3,0,3,0,0,0,0,0,3,3,0,3,3,0,0,0,0,0,0,2,1,0,0,0,2,2,0,3,3,1,0,0,3,0,0,0,3,0,3,0,0,0,0,0,0,0,0,0,0,1,0,3,1,3,0,3,0,3,0,0,0,0,0
"Q210",0,0,0,0,0,0,0,0,0,0,0,0,0,2,0,0,0,1,1,2,0,2,0,0,0,0,0,0,0,0,1,0,0,0,3,0,0,2,0,0,0,0,0,0,0,0,0,1,0,3,1,0,0,0,0,0,0,0,0,0,0,0,0,0,0,3,2,0,0,1,0,3,3,0,3,2,0,3,0,0,0,3,3,0,0,0,0,0,0,0,3,3,0,3,3,0,0,0,0,0,0,3,3,0,0,0,3,1,0,3,3,0,0,0,3,0,0,0,3,2,3,0,0,0,0,0,0,0,0,0,1,0,0,0,0,0,0,3,0,3,0,0,0,0,0
"Q211",0,0,0,0,0,0,0,0,0,2,0,0,0,3,0,0,0,0,0,0,0,0,0,0,0,0,0,0,0,0,0,0,0,0,3,0,0,1,0,0,0,0,0,0,2,0,0,0,0,0,3,0,0,0,0,0,2,0,0,0,0,3,0,0,1,0,2,0,0,3,3,3,3,3,0,1,3,3,2,0,0,3,3,0,3,0,0,0,0,0,0,3,3,3,3,0,0,0,0,0,0,3,0,0,0,0,3,0,0,3,3,3,2,0,3,0,0,0,0,0,3,0,0,0,3,3,0,0,0,0,3,3,0,0,0,0,1,1,0,3,0,0,0,0,0
"Q212",0,0,0,0,0,0,0,0,0,3,0,0,0,3,0,0,0,0,0,0,0,0,0,0,0,0,0,0,0,0,0,0,0,0,3,0,0,0,0,0,0,0,0,0,0,0,0,3,0,1,3,0,0,0,0,0,3,0,0,0,3,3,0,0,3,0,2,0,0,3,3,3,0,0,0,0,1,0,3,0,0,3,3,0,3,0,0,0,0,0,0,3,2,3,2,0,0,0,0,0,0,3,0,0,0,0,3,0,0,3,3,2,1,0,0,0,0,0,0,0,3,0,0,0,3,3,0,3,0,0,3,1,0,0,0,0,2,0,0,3,0,3,0,0,0
"Q213",0,0,0,0,0,0,1,0,0,2,1,1,0,2,0,0,0,0,0,0,0,0,0,0,0,0,0,0,0,0,0,0,0,0,3,0,0,2,0,0,1,0,0,0,0,0,0,0,0,0,3,3,0,0,0,0,0,0,0,1,2,3,0,0,0,0,3,0,0,3,3,3,1,2,0,1,3,3,2,0,0,3,3,0,0,0,0,0,0,0,0,3,0,3,3,0,0,0,0,0,0,3,0,0,0,0,3,0,0,3,3,2,2,0,3,0,0,0,0,0,0,0,0,0,3,0,0,0,0,3,0,0,0,0,0,0,0,2,0,3,0,1,0,0,0
"Q214",0,0,0,0,0,0,0,0,0,0,0,0,0,1,0,0,0,0,0,0,0,0,0,0,0,0,0,0,0,0,0,0,0,0,0,0,0,1,0,0,0,0,0,0,0,0,0,0,0,3,0,0,0,0,0,0,0,2,0,0,0,0,0,0,0,2,2,0,0,2,1,3,0,0,3,1,0,1,0,0,3,3,2,0,3,0,0,0,0,0,0,1,0,2,1,0,0,0,0,0,0,3,1,0,0,0,3,0,0,2,0,0,0,0,2,0,0,0,2,0,1,2,0,0,0,0,0,0,0,0,0,0,0,0,0,0,0,2,0,3,0,0,0,2,0
"Q215",0,0,0,0,0,0,0,0,0,0,0,0,0,0,0,0,0,1,0,0,0,1,0,0,0,0,0,0,0,0,0,0,0,0,0,0,0,3,0,1,0,0,0,0,0,0,0,0,0,3,0,0,0,0,0,0,0,0,0,0,2,0,0,0,0,3,3,0,0,0,2,3,3,0,2,2,0,3,0,0,0,3,3,0,2,2,0,0,0,0,0,3,0,3,3,0,0,0,0,0,0,3,1,0,0,0,3,1,0,3,3,1,0,0,3,0,0,0,0,0,0,0,0,0,0,0,0,0,0,0,0,0,0,0,0,0,0,3,0,3,0,0,0,3,0
"Q216",0,0,0,0,0,0,0,0,0,0,1,0,0,3,0,0,0,2,0,0,0,0,0,0,0,0,0,0,0,0,0,0,0,0,0,0,0,0,0,0,0,0,0,0,2,0,0,2,0,0,2,0,0,0,0,3,3,0,2,0,2,3,0,0,3,0,1,0,0,3,1,3,1,0,3,0,2,2,0,0,0,3,3,0,3,1,2,0,0,0,0,3,3,2,3,0,0,0,0,0,0,3,1,0,0,0,3,2,0,3,0,1,0,0,3,0,0,0,3,2,3,2,0,1,3,3,0,0,0,0,1,3,0,2,0,0,1,0,2,3,0,3,0,0,0
"Q217",0,0,0,0,0,0,0,0,0,1,0,0,0,3,0,0,0,0,0,0,0,0,0,0,0,0,0,0,0,0,0,0,0,0,2,0,0,2,0,0,0,0,0,0,1,0,2,3,0,1,3,0,1,0,0,0,2,1,0,0,1,3,0,0,0,0,3,0,0,3,3,3,1,3,2,2,3,2,0,0,0,3,3,0,3,2,0,0,0,0,0,3,0,3,3,0,0,0,0,0,0,3,2,0,0,0,3,2,1,2,3,0,0,0,0,0,0,0,2,0,3,0,0,2,0,1,0,0,0,2,3,0,0,0,0,0,0,2,0,3,0,2,0,0,0
"Q218",3,0,0,0,0,0,1,0,0,0,0,0,0,3,0,0,0,0,0,0,0,0,0,0,0,0,0,3,0,0,0,0,0,0,3,0,0,0,0,0,0,0,0,0,0,1,0,0,0,0,3,0,0,0,0,0,3,0,0,0,1,3,0,0,2,0,3,0,0,3,3,3,3,3,0,0,3,3,3,0,0,3,3,0,3,0,0,0,0,0,0,3,3,3,3,0,0,0,0,0,0,3,0,0,0,0,3,0,0,3,3,3,2,0,3,0,0,0,0,0,2,2,0,1,3,3,0,0,0,0,0,2,0,0,0,0,1,0,0,3,0,0,0,0,0
"Q219",0,0,0,0,0,0,3,0,0,3,0,0,0,3,0,0,0,3,0,0,0,0,0,0,0,0,0,0,0,0,0,0,0,0,3,0,0,2,0,0,0,0,0,0,0,0,0,2,0,0,3,0,0,0,0,0,3,0,0,0,1,3,0,0,3,0,3,0,0,3,3,2,0,0,0,0,3,0,0,0,0,3,3,0,3,0,0,0,0,0,0,3,2,3,0,0,0,0,0,0,0,3,3,0,0,0,3,0,0,0,3,0,2,0,0,0,0,0,0,0,3,0,0,0,3,3,0,3,0,0,3,0,0,0,0,0,3,0,0,3,0,2,0,0,0
"Q220",0,0,0,0,0,0,0,0,0,0,0,0,0,0,0,0,0,0,0,0,0,0,0,0,0,0,0,0,0,0,0,0,0,0,0,0,0,0,0,0,0,0,0,0,0,0,0,0,0,0,1,0,0,0,0,0,0,1,0,0,0,0,0,0,0,1,2,0,0,3,0,3,3,0,3,0,0,3,0,0,0,3,3,0,2,3,0,0,0,0,0,3,1,3,3,0,0,0,0,0,0,3,1,0,1,0,3,0,0,3,3,3,0,0,3,0,0,0,3,0,3,2,0,0,0,0,0,0,0,0,1,2,0,0,0,0,3,2,0,3,0,0,0,0,0
"Q221",0,0,0,0,0,0,0,0,0,0,0,0,0,0,0,0,0,0,0,1,2,0,0,0,0,0,0,0,0,0,0,0,0,0,0,0,0,2,0,0,0,0,0,0,0,0,0,0,0,0,0,0,0,0,0,0,0,0,0,0,1,0,0,0,0,0,0,0,2,0,0,0,0,0,0,0,0,0,0,0,0,2,0,0,2,0,0,0,2,0,2,0,0,0,0,0,0,0,0,0,0,0,2,0,2,0,0,0,0,0,0,0,0,0,2,2,0,0,0,2,1,0,0,0,0,0,0,0,0,0,0,0,2,2,0,1,0,0,0,2,0,0,0,0,0
"Q222",0,0,0,0,0,0,2,0,0,0,1,1,1,3,0,0,0,0,0,0,0,0,0,0,0,0,0,0,0,2,0,0,0,2,2,0,0,1,0,0,2,0,0,0,2,0,0,2,0,1,3,0,1,0,0,0,2,0,1,0,2,3,0,0,3,0,2,0,0,3,3,3,2,3,1,2,2,0,1,0,2,3,3,0,2,2,0,0,0,0,0,3,1,3,1,0,0,0,2,0,0,3,2,0,0,1,3,0,0,3,3,1,0,0,0,0,0,0,0,0,3,2,0,0,0,3,0,3,0,1,2,0,0,0,0,0,1,1,0,3,0,0,0,0,0
"Q223",0,0,0,0,0,0,0,0,0,0,0,0,0,0,0,0,0,3,0,3,0,0,0,0,0,0,0,0,0,0,0,0,0,0,0,0,0,2,0,0,0,0,0,0,0,0,0,0,0,1,3,0,0,1,0,0,0,1,0,0,1,2,0,0,0,3,0,0,1,0,0,3,3,0,3,0,0,2,0,0,0,1,3,0,3,0,0,0,3,0,3,2,0,2,3,0,0,0,0,0,0,0,0,0,2,0,3,0,0,2,0,0,0,0,3,0,0,0,2,1,1,0,0,0,0,0,0,0,0,0,0,0,0,3,3,2,0,3,3,3,0,0,0,0,0
"Q224",0,0,0,0,0,0,0,0,0,0,0,0,0,0,0,0,0,1,0,0,1,0,0,0,0,0,0,0,0,0,0,0,0,0,0,0,0,0,0,0,0,0,0,0,0,0,0,0,0,0,0,0,0,0,0,0,0,0,0,0,0,0,0,0,0,2,0,0,1,0,0,0,0,0,0,0,0,0,0,0,0,2,0,0,2,0,0,0,2,0,2,0,0,0,2,0,0,0,0,0,0,0,0,0,1,0,0,0,0,2,0,0,0,0,2,0,0,0,0,2,1,0,0,0,0,0,0,0,0,0,0,0,0,2,1,0,0,0,0,2,0,0,0,0,0
"Q225",0,0,0,0,0,0,0,0,0,0,0,0,0,3,0,0,0,0,0,0,0,0,0,0,0,0,0,0,0,0,0,0,0,0,3,0,0,1,0,0,1,0,0,0,1,0,0,3,0,0,0,0,0,0,0,0,2,0,0,0,0,3,0,0,2,0,2,0,0,3,3,3,3,1,0,0,2,3,0,0,0,3,3,0,3,0,0,0,0,0,0,3,2,3,2,0,0,0,0,0,0,3,0,0,0,0,3,0,0,3,3,1,2,0,3,0,0,0,0,0,1,0,0,0,0,0,0,0,0,0,2,1,0,0,0,0,0,2,0,3,0,0,0,0,0
"Q226",0,0,0,0,0,0,2,0,0,3,3,0,0,3,0,0,0,0,0,0,0,0,0,0,0,0,0,0,0,0,0,0,0,0,3,0,0,0,0,0,0,0,0,0,0,0,0,1,0,3,3,0,0,0,0,0,3,0,0,0,0,3,0,0,3,0,3,0,0,3,3,3,1,3,0,0,3,2,3,0,0,3,3,0,3,0,0,0,0,0,0,3,3,3,3,0,0,0,0,0,0,3,2,0,0,0,3,0,0,3,3,2,0,0,0,0,0,0,0,0,3,2,0,0,3,3,0,3,0,0,2,0,0,0,0,0,0,0,0,3,0,0,0,0,0
"Q227",0,0,0,0,0,0,0,0,0,0,0,0,0,0,0,0,0,2,0,1,0,0,0,0,0,0,0,0,0,0,0,0,0,0,0,0,0,1,0,0,0,0,0,0,0,0,0,0,0,0,0,0,0,0,0,0,0,2,0,0,1,1,0,0,0,1,0,0,2,2,0,2,1,0,2,0,0,1,0,0,0,2,0,0,2,0,2,0,0,0,2,1,0,2,0,0,0,0,0,0,0,2,2,0,2,0,2,2,0,0,0,0,0,0,2,0,0,0,0,2,0,1,0,0,0,0,0,0,0,0,0,0,0,1,1,0,0,0,0,2,0,0,0,0,0
"Q228",0,0,0,0,0,0,0,0,0,0,0,0,0,0,0,0,0,2,0,2,0,0,0,0,0,0,0,0,0,0,0,0,0,0,3,0,0,2,0,0,0,0,0,0,0,0,0,3,0,2,2,0,0,0,0,1,1,2,0,0,1,3,0,0,3,0,0,0,0,3,0,3,3,0,3,0,2,2,0,0,0,3,3,0,3,1,2,0,1,0,2,2,1,3,3,0,0,0,0,0,0,3,1,0,2,0,2,0,0,3,1,0,0,0,3,0,0,0,3,3,3,0,0,0,0,1,0,0,0,0,0,2,1,3,0,2,0,2,0,3,0,0,0,0,0
"Q229",0,0,0,0,0,0,0,0,0,0,0,0,1,2,0,0,0,2,0,0,0,0,0,0,0,0,0,0,0,0,0,0,0,0,1,0,0,2,0,0,0,0,0,1,0,0,0,0,0,2,2,0,0,0,0,0,0,3,0,0,1,3,0,0,1,3,2,0,3,3,0,3,3,0,3,1,1,3,0,0,0,3,3,0,3,1,0,0,0,0,2,3,1,3,3,0,0,0,0,0,0,2,0,0,1,0,3,2,1,3,1,0,0,0,3,0,0,0,0,2,2,0,0,0,0,0,0,0,0,0,0,0,1,2,0,0,0,3,1,3,0,0,0,2,0
"Q230",0,0,0,0,0,0,0,0,0,0,0,0,0,1,0,0,0,3,0,0,0,1,0,0,0,0,0,0,0,0,0,0,0,0,2,0,0,3,0,0,0,0,0,0,0,0,0,3,0,3,1,0,0,1,0,0,0,2,0,0,0,2,0,0,0,2,2,0,1,3,2,3,3,0,3,0,2,3,0,0,0,3,3,0,1,0,0,0,0,0,2,3,0,3,3,0,0,0,0,0,0,3,1,0,0,0,3,2,0,3,1,0,1,0,3,0,0,0,3,0,1,0,0,0,0,0,0,0,0,0,0,0,0,1,0,1,0,1,0,3,0,0,0,0,0
"Q231",0,0,0,0,0,0,0,0,0,0,0,0,0,0,0,0,0,3,0,2,0,0,0,0,0,0,0,0,0,0,1,0,0,0,3,0,0,2,0,0,1,0,0,0,0,0,0,3,0,1,1,0,0,0,0,0,0,1,0,0,2,3,0,0,0,0,0,0,2,0,0,3,3,0,1,0,1,3,0,0,0,3,3,0,3,0,0,0,0,0,3,3,0,3,3,0,0,0,0,0,0,3,0,0,1,0,3,1,0,3,3,0,1,0,3,0,0,0,2,3,2,1,0,0,0,0,0,0,0,0,0,1,3,2,0,2,0,3,0,3,0,0,0,0,0
"Q232",0,0,0,0,0,0,0,0,0,0,0,0,1,1,0,0,0,1,0,2,0,0,0,0,0,0,0,0,0,0,0,0,0,0,1,0,0,3,0,0,0,0,0,0,0,0,3,1,0,0,1,0,0,0,0,3,0,0,0,0,1,2,0,0,0,3,0,0,1,2,0,3,3,0,3,0,3,3,0,0,0,3,3,0,3,0,3,0,0,0,3,0,1,3,3,0,0,0,0,0,0,0,0,0,2,0,1,3,0,3,2,0,0,0,3,0,0,0,3,3,2,0,0,0,0,0,0,0,0,0,0,3,0,3,3,3,0,1,3,3,0,0,0,0,0
"Q233",0,0,0,0,0,0,0,0,0,0,0,0,0,2,0,0,0,0,0,0,0,0,0,0,0,0,0,0,0,0,0,0,0,0,0,0,0,0,0,0,0,0,0,0,0,0,0,1,0,2,2,0,0,0,0,0,0,0,0,0,1,0,0,0,0,0,3,0,0,1,0,3,3,0,3,1,2,3,0,0,0,3,3,0,2,0,0,0,0,0,0,3,0,3,3,0,0,0,0,0,0,3,0,0,0,0,3,1,1,3,0,0,0,0,3,0,0,0,0,0,0,0,0,0,0,0,0,0,0,0,0,0,0,0,0,0,0,3,2,3,0,0,0,0,0
"Q234",0,0,0,0,0,0,0,0,0,1,2,0,0,3,0,0,0,3,0,0,0,0,0,0,0,0,0,0,0,0,0,0,0,0,3,0,0,0,0,0,0,0,0,0,0,0,0,2,0,0,3,0,0,0,0,0,3,0,0,0,1,3,0,0,0,0,1,0,0,3,3,3,1,2,0,1,1,3,1,0,0,3,3,0,3,0,0,0,0,0,0,3,1,3,0,0,0,0,0,0,0,3,0,0,0,0,3,3,2,1,0,0,0,0,0,0,0,0,0,0,3,0,0,0,2,3,0,1,0,0,2,1,0,0,0,0,1,2,0,3,0,0,1,0,0
"Q235",0,0,0,0,0,0,0,0,0,0,0,0,0,0,0,0,0,1,0,0,1,0,0,0,0,0,0,0,0,0,0,0,0,0,0,0,0,1,0,0,0,0,0,0,0,0,0,0,0,0,0,0,0,0,0,0,0,0,0,0,0,0,0,0,0,0,0,0,2,0,0,0,0,0,0,0,0,0,0,0,0,2,0,0,2,0,0,0,2,1,2,0,0,0,1,0,0,0,0,0,0,0,0,0,1,0,0,0,0,0,0,0,0,0,2,2,0,0,0,2,0,0,0,0,0,0,0,0,2,0,0,0,0,2,2,0,0,0,2,1,0,0,0,0,0
"Q236",0,0,0,0,0,0,0,0,0,1,1,0,0,2,0,0,0,1,0,0,0,0,0,0,0,0,0,0,0,0,0,0,0,0,3,0,0,2,0,0,0,0,0,0,0,0,0,2,0,0,3,0,0,0,0,0,2,0,0,0,2,2,0,0,0,2,3,0,0,3,2,3,2,2,0,0,2,2,0,0,0,3,3,0,3,0,0,0,0,0,0,3,0,3,3,0,0,0,0,0,0,3,0,0,0,0,3,1,0,3,3,2,0,0,3,0,0,0,3,0,3,0,0,0,0,0,0,0,0,0,2,0,0,0,0,0,0,3,0,3,0,0,0,0,0
"Q237",0,0,0,0,0,0,3,0,0,3,3,0,0,3,0,0,1,3,0,0,0,0,0,0,0,0,0,0,0,0,0,0,0,0,3,0,3,1,0,0,0,0,0,0,0,0,0,2,0,0,2,0,0,0,0,0,3,0,0,0,0,3,0,0,3,0,1,0,0,3,3,0,0,3,0,2,3,0,3,0,0,2,2,0,3,0,0,0,0,0,0,3,1,3,1,0,0,0,0,0,0,3,0,0,0,0,3,0,0,1,3,1,1,0,0,0,0,0,0,0,3,0,0,0,2,3,0,3,0,0,0,2,0,0,0,0,3,0,0,3,0,0,0,0,0
"Q238",0,0,0,0,0,0,0,0,0,0,0,0,0,0,0,0,0,1,0,1,0,0,1,0,0,0,0,0,0,0,0,0,0,0,0,0,0,2,0,0,0,0,1,0,0,0,0,0,0,0,3,0,0,0,0,0,0,0,0,0,0,1,0,0,0,3,0,0,0,0,0,3,3,0,3,0,3,1,0,0,0,3,3,0,3,0,0,0,0,0,0,1,0,1,2,0,0,0,0,0,0,0,1,0,3,0,2,0,0,0,0,0,0,0,3,0,0,0,1,3,0,0,0,0,0,0,0,0,0,0,0,0,0,2,0,0,0,3,3,3,0,0,0,0,0
"Q239",0,0,0,0,0,0,0,0,0,0,0,1,0,0,0,0,0,1,0,3,1,1,0,0,0,0,0,0,0,0,1,0,0,0,1,0,0,2,0,0,0,0,0,0,0,0,0,2,0,2,1,0,0,1,0,0,0,0,0,0,0,0,0,0,0,3,0,0,3,1,0,3,3,0,3,0,2,3,0,0,0,3,3,0,3,0,0,0,0,0,3,1,0,3,3,0,0,0,0,0,0,0,0,0,1,0,0,0,0,3,1,0,0,0,3,0,0,0,1,3,0,3,0,0,0,0,0,0,0,0,0,0,0,0,0,1,0,3,0,3,0,0,0,0,0
"Q240",0,0,0,0,0,0,0,0,0,0,1,0,0,1,0,0,0,0,0,0,0,0,0,0,0,0,0,0,0,0,0,0,0,0,3,0,0,1,0,0,0,0,0,0,0,0,0,3,0,2,2,0,0,0,0,0,1,1,0,0,3,2,0,0,0,0,2,0,0,3,1,3,0,0,0,0,0,0,0,0,1,3,3,0,3,0,0,0,0,0,0,3,0,3,3,0,0,0,0,0,0,3,0,0,0,0,2,2,0,0,1,0,0,0,0,0,0,0,1,0,3,2,0,0,0,2,0,0,0,0,0,0,0,0,0,0,0,0,0,3,0,0,0,0,0
"Q241",0,0,0,0,0,0,1,0,0,0,0,0,0,0,0,0,0,0,0,0,0,0,0,0,0,0,0,0,0,0,0,0,0,0,1,0,0,0,0,0,0,0,0,0,0,0,0,0,0,0,0,0,0,0,0,0,3,0,0,0,0,3,0,0,1,0,0,0,0,3,0,0,0,0,0,0,0,0,0,0,0,0,0,0,3,0,0,2,0,0,0,3,3,0,0,0,0,0,1,0,0,0,0,0,0,0,0,0,0,0,0,0,0,0,0,0,0,0,0,0,3,0,2,0,3,3,0,3,0,0,3,1,0,0,0,0,0,0,0,3,0,0,0,0,0
"Q242",0,0,0,0,0,0,0,0,0,2,0,0,0,2,0,0,0,0,0,0,0,0,0,0,0,0,0,0,0,0,0,0,0,0,3,0,0,0,0,0,0,0,0,0,2,0,0,0,0,0,1,0,0,0,0,0,2,0,0,0,3,3,0,0,3,0,2,0,0,3,3,3,2,3,2,0,3,3,3,0,0,3,3,0,3,0,0,0,0,0,0,3,3,3,3,0,0,0,0,0,0,3,0,0,0,0,3,0,0,3,3,0,0,0,0,0,0,0,0,0,1,0,0,0,2,3,0,0,0,0,0,0,0,0,0,0,0,0,0,3,0,2,0,0,0
"Q243",0,0,0,0,0,0,0,0,0,0,0,0,0,0,0,0,0,0,0,0,0,0,0,0,0,0,0,0,0,0,0,0,0,0,0,0,0,3,0,0,0,0,0,0,2,0,2,3,0,3,2,0,0,0,0,0,3,2,0,0,2,0,0,0,0,0,3,0,0,3,3,3,0,3,1,1,3,1,1,0,0,3,3,0,3,3,0,0,0,0,0,3,0,3,3,0,0,0,0,0,0,3,0,0,0,0,3,1,2,0,1,1,0,2,1,0,0,0,0,0,3,2,0,2,0,3,3,0,0,0,0,2,0,0,0,0,2,0,0,3,0,0,0,1,0
"Q244",0,0,0,0,0,0,0,0,0,0,0,0,0,0,0,0,0,1,0,0,0,0,0,0,0,0,0,0,0,0,0,0,0,0,0,0,0,0,0,0,0,0,0,0,0,0,0,0,0,0,0,0,0,0,0,2,0,0,0,0,0,1,0,0,0,0,0,0,0,1,0,1,0,0,0,0,0,0,0,0,0,0,0,0,2,0,2,0,0,0,1,2,0,0,1,0,0,0,0,0,0,0,2,0,2,0,0,0,0,0,0,0,0,0,2,0,0,0,2,2,0,1,0,0,0,0,0,0,0,0,0,0,0,2,2,0,0,0,0,2,0,0,0,0,0
"Q245",0,0,0,0,0,0,0,0,0,0,0,0,0,0,0,0,0,2,0,0,0,0,0,0,0,0,0,0,0,0,0,0,0,0,0,0,0,0,0,0,0,0,0,0,0,0,0,1,0,0,1,0,0,0,0,0,0,0,0,0,0,0,0,0,2,0,0,0,0,3,0,3,1,0,2,0,2,0,0,0,0,3,2,0,3,0,0,0,0,0,0,3,3,2,1,0,0,0,0,0,0,3,1,0,1,0,0,2,0,3,3,0,0,0,3,0,0,0,0,0,3,0,0,0,0,1,0,0,0,0,3,3,0,1,0,0,2,1,2,3,0,0,0,0,0
"Q246",0,0,0,0,0,0,0,0,0,1,1,0,0,2,0,0,0,2,0,0,0,0,0,0,0,0,0,0,0,0,0,0,2,0,0,0,0,0,0,0,0,0,0,0,0,0,3,0,0,0,3,0,0,0,0,0,1,0,0,0,0,3,0,0,3,0,3,0,0,3,3,1,0,3,0,1,2,0,0,0,0,2,3,3,3,0,0,0,0,0,0,3,0,3,0,0,0,0,0,0,0,3,3,0,0,0,3,0,0,0,0,0,0,0,0,0,0,0,0,0,3,2,0,1,1,3,0,2,0,0,3,3,0,1,0,0,3,0,0,3,0,3,3,0,0
"Q247",3,0,0,3,0,0,3,0,0,1,2,0,0,3,0,0,0,3,0,0,0,0,0,0,3,0,2,3,0,0,0,0,0,1,3,0,0,2,0,0,0,0,0,0,0,0,0,2,0,0,0,0,0,0,0,0,0,0,0,1,0,3,0,0,3,0,2,0,0,3,3,0,0,2,0,1,1,0,3,0,0,0,0,0,1,0,0,3,0,0,0,3,3,0,0,0,0,3,2,0,1,3,2,0,0,3,3,0,0,0,0,2,0,0,0,0,0,0,0,0,3,0,0,1,3,3,0,3,0,0,2,3,0,0,0,0,0,0,0,3,0,3,0,0,2
"Q248",0,0,0,0,0,0,0,0,0,0,0,0,0,3,0,0,0,0,0,0,0,0,0,0,0,0,0,0,0,0,0,0,0,0,1,0,0,0,0,0,0,0,0,0,2,0,0,3,0,0,2,0,0,0,0,0,1,1,3,0,0,3,0,0,0,0,1,0,0,3,0,3,3,0,3,0,1,1,0,0,1,3,3,0,3,3,3,0,0,0,0,3,3,3,3,0,0,0,2,0,0,3,2,0,0,0,3,2,0,3,3,1,0,0,3,0,0,0,2,0,3,3,0,0,0,0,0,0,0,0,3,3,1,2,0,0,3,2,0,3,0,0,0,0,0
"Q249",0,0,0,0,0,0,1,0,0,0,0,0,0,0,0,0,0,1,0,0,0,0,0,0,0,0,0,0,0,0,0,0,0,0,0,0,0,0,0,0,0,0,0,0,0,0,0,0,0,0,0,0,0,0,0,0,0,0,0,0,0,0,0,0,0,0,0,0,1,0,0,0,0,0,0,0,0,0,0,0,0,0,0,0,2,0,0,0,2,0,2,0,0,0,0,0,0,0,0,0,0,0,0,0,0,0,0,0,0,0,0,0,0,0,0,1,0,0,0,2,0,0,0,0,0,0,0,0,2,0,0,0,0,0,0,0,0,0,0,0,0,0,0,0,0
"Q250",0,0,0,0,0,0,0,0,0,0,0,0,0,0,0,0,0,0,0,2,0,0,1,0,0,0,0,0,0,0,0,0,0,0,0,0,0,1,0,0,0,0,0,0,2,0,0,0,0,0,0,0,0,0,0,0,0,1,2,0,1,0,0,0,0,1,0,0,1,2,0,2,0,0,0,0,0,0,0,0,1,2,2,0,2,2,2,0,2,0,1,2,0,1,0,0,0,0,0,0,0,2,2,0,1,0,1,0,0,1,1,0,0,0,2,0,0,0,2,2,2,1,0,0,0,0,0,0,0,0,2,0,1,2,1,0,2,0,1,2,0,0,0,0,0
"Q251",0,0,0,0,0,0,0,0,0,0,0,0,0,0,0,0,0,0,0,0,2,0,0,0,0,0,0,0,0,0,0,0,0,0,0,0,0,1,0,0,0,0,0,0,0,0,0,0,0,0,0,0,0,0,0,2,0,0,0,0,0,0,0,0,0,1,0,0,2,0,0,0,0,0,0,0,0,0,0,0,0,0,0,0,0,0,1,0,2,0,2,0,0,0,1,0,0,0,0,0,0,0,0,0,0,0,0,0,0,0,0,0,0,0,0,1,0,0,0,2,0,0,0,0,0,0,0,0,2,0,0,0,1,0,2,0,0,0,0,1,0,0,0,0,0
"Q252",0,0,0,0,0,0,0,0,0,0,0,0,0,0,0,0,0,0,0,1,1,0,0,0,0,0,0,0,0,0,0,0,0,0,0,0,0,2,0,0,0,0,0,0,0,0,0,0,0,0,0,0,0,0,0,2,0,0,0,0,0,0,0,0,0,0,0,0,0,0,0,0,0,0,0,0,0,0,0,0,0,0,0,0,2,0,2,0,2,0,2,1,1,2,1,0,0,0,0,0,0,0,0,0,0,0,0,0,0,0,0,0,0,0,0,0,0,0,0,2,0,0,0,0,0,0,0,0,1,0,0,0,0,0,0,0,0,0,0,0,0,0,0,0,0
"Q253",0,0,0,0,0,0,0,0,0,0,0,0,0,2,0,0,0,0,0,0,0,0,0,0,0,0,0,0,0,0,0,0,0,0,2,0,0,2,0,0,0,0,0,0,0,0,0,0,0,2,3,0,0,0,0,0,0,0,0,0,0,3,0,0,0,2,3,0,0,3,0,3,3,0,3,0,3,3,0,0,0,3,3,0,3,0,0,0,0,0,2,3,0,3,3,0,0,0,0,0,0,3,0,0,0,0,3,2,1,3,3,0,0,0,3,0,0,0,3,0,0,0,0,0,0,0,0,0,0,0,2,0,0,0,0,1,0,3,3,3,0,0,0,0,0
"Q254",0,0,0,0,0,0,0,0,0,0,0,0,0,0,0,0,0,2,0,0,0,0,1,0,0,0,0,0,0,0,0,0,0,0,0,0,0,2,0,0,0,0,0,0,0,0,0,0,0,0,0,0,0,0,0,0,0,2,0,0,0,2,0,0,0,0,0,0,1,2,0,2,0,0,1,0,1,1,0,2,1,1,0,0,2,0,2,0,2,0,2,2,2,2,2,0,0,0,0,0,0,1,2,0,2,0,2,2,0,0,0,0,0,0,2,2,0,0,2,2,2,2,0,1,0,0,0,0,1,0,2,0,0,1,1,0,0,0,0,2,0,0,0,0,0
"Q255",0,0,0,0,0,0,0,0,0,0,0,0,0,0,0,0,0,0,0,0,2,0,0,0,0,0,0,0,0,0,0,0,0,0,0,0,0,2,0,0,0,0,0,0,0,0,0,0,0,0,0,0,0,0,0,2,0,0,0,0,0,0,0,0,0,2,0,0,0,0,0,0,0,0,2,0,0,0,0,0,0,1,0,0,2,0,0,0,1,0,2,0,0,0,1,0,0,0,0,0,0,0,0,0,2,0,1,0,0,0,0,0,0,0,1,0,0,0,0,2,1,0,0,0,0,0,0,0,0,0,0,0,0,2,2,0,0,0,0,2,0,0,0,0,0
"Q256",0,0,0,0,0,0,0,0,0,0,0,0,0,0,2,0,0,1,0,0,1,0,0,0,0,0,0,0,0,0,0,0,0,0,0,0,0,1,0,0,0,0,0,0,0,0,0,0,0,0,0,0,0,0,0,0,0,0,0,0,0,0,0,0,0,1,0,0,2,0,0,0,0,0,1,0,0,0,0,1,0,2,0,0,2,0,0,0,2,0,2,0,0,0,0,0,0,0,0,0,0,2,0,0,1,0,2,0,0,0,0,0,0,0,1,1,0,0,0,2,0,0,0,0,0,0,0,0,0,0,0,0,0,0,0,0,0,0,0,1,0,0,0,0,0
"Q257",0,0,0,0,0,0,0,0,0,0,0,0,0,0,0,0,0,1,0,1,2,0,0,0,0,0,0,0,0,0,0,0,0,0,0,0,0,0,0,0,0,0,0,0,0,0,0,0,0,0,0,0,0,0,0,0,0,0,0,0,0,0,0,0,0,0,0,0,2,0,0,0,0,0,0,0,0,0,0,0,0,0,0,0,2,0,0,0,2,2,0,0,0,0,0,0,0,0,0,0,0,0,0,0,0,0,0,0,0,0,0,0,0,0,0,1,0,0,0,2,0,0,0,0,0,0,0,0,0,0,0,0,0,1,0,0,0,0,0,0,0,0,0,0,0
"Q258",0,0,0,0,0,0,0,0,0,0,0,0,0,0,0,0,0,0,0,1,0,0,1,0,0,0,0,0,0,0,0,0,0,0,0,0,0,3,0,0,0,0,0,0,0,0,0,0,0,0,3,0,0,0,0,0,0,0,0,0,0,2,0,0,0,3,0,0,0,0,0,3,1,0,3,0,3,3,0,0,0,2,2,0,3,0,0,0,3,2,2,0,0,2,3,0,0,0,0,0,0,0,0,0,3,0,0,0,0,0,0,0,0,0,3,2,0,0,2,3,0,1,0,0,0,0,0,0,0,0,0,0,0,0,0,0,0,0,3,3,0,0,0,3,0
"Q259",0,0,0,0,0,0,0,0,0,0,0,0,0,0,0,0,0,1,0,0,2,0,0,0,0,0,0,0,0,0,0,0,0,0,0,0,0,0,0,0,0,0,0,0,0,0,0,0,0,0,0,0,0,0,0,0,0,0,0,0,1,0,0,0,0,0,0,0,0,0,0,0,0,0,0,0,0,0,0,0,0,0,0,0,2,0,0,0,2,1,2,0,0,0,0,0,0,0,0,0,0,0,0,0,0,0,0,0,0,0,0,0,0,0,0,2,0,0,0,2,1,2,0,0,0,0,0,0,2,0,0,0,0,0,0,0,0,0,0,0,0,0,0,0,0
"Q260",0,0,0,0,0,0,0,0,0,0,0,0,0,0,0,0,0,1,0,0,0,0,0,0,0,0,0,0,0,0,0,0,0,0,0,0,0,0,0,0,0,0,0,0,0,0,0,0,0,0,0,0,0,0,0,0,0,0,0,0,0,0,0,0,0,0,0,0,2,0,0,0,0,0,0,0,0,0,0,0,0,0,0,0,2,0,0,0,2,0,0,0,0,0,0,0,0,0,0,0,0,0,0,0,0,0,0,0,0,0,0,0,0,0,0,2,0,0,0,2,2,2,0,0,0,0,0,0,2,0,0,0,0,1,0,0,0,0,0,0,0,0,0,0,0
"Q261",0,0,0,0,0,0,1,0,0,0,0,0,0,0,0,0,0,0,0,0,0,0,0,0,0,0,0,3,0,0,0,0,0,0,3,0,0,0,0,0,0,0,0,0,0,0,0,0,0,0,3,0,0,0,0,0,0,0,0,0,0,0,0,0,0,3,0,0,0,1,0,3,3,0,3,0,3,3,0,0,0,3,3,0,0,2,0,0,0,0,0,0,1,3,3,0,0,0,0,0,0,0,0,0,1,0,0,2,0,3,0,0,0,0,3,0,0,0,1,0,1,0,0,1,0,0,0,0,0,0,1,0,0,0,0,0,0,0,0,3,0,0,0,0,0
"Q262",0,0,0,0,0,0,0,0,0,0,0,0,0,0,0,0,0,0,0,3,0,0,0,0,0,0,0,0,0,0,0,0,0,0,0,0,0,2,0,0,0,0,0,0,0,0,0,0,0,2,2,0,0,0,0,0,0,0,0,0,0,0,0,0,0,3,2,0,0,1,0,3,3,0,3,0,0,3,0,0,0,3,3,0,0,0,0,0,0,0,2,3,0,3,3,0,0,0,0,0,0,2,0,0,3,0,3,0,0,3,2,0,0,0,3,0,0,0,3,0,0,0,0,0,0,0,0,0,0,0,0,0,1,0,2,0,0,3,3,3,0,0,0,1,0
"Q263",0,0,0,0,0,0,0,0,0,0,0,0,0,0,0,0,0,0,0,2,0,0,0,0,0,0,0,0,0,0,0,0,0,0,0,0,0,3,0,0,0,0,0,0,0,0,0,0,0,1,3,0,0,0,0,0,0,0,0,0,0,0,0,0,0,3,2,0,0,0,0,3,3,0,3,0,0,3,0,0,1,3,3,0,3,0,0,0,0,0,3,3,0,3,3,0,0,0,0,0,0,2,0,0,3,0,3,0,0,3,1,0,0,0,3,0,0,0,3,0,0,0,0,0,0,0,0,0,0,0,0,0,0,0,3,0,0,1,3,3,0,0,0,3,0
"Q264",0,0,0,0,0,0,0,0,0,0,0,0,0,0,0,0,0,0,0,0,0,2,0,0,0,0,0,0,0,0,0,0,0,0,1,0,0,1,0,0,0,0,1,0,0,0,0,0,0,2,3,0,0,1,0,0,0,0,0,0,1,2,0,0,0,3,2,0,0,0,0,3,3,0,3,0,3,3,0,0,0,3,3,0,0,0,0,0,0,0,2,3,0,3,3,0,0,0,0,0,0,3,0,0,1,0,3,0,0,3,3,2,0,0,3,0,0,0,0,0,0,0,0,0,0,0,0,0,0,0,0,0,3,0,0,2,0,3,3,3,0,0,0,0,0
"Q265",0,0,0,0,0,0,0,0,0,0,0,0,0,0,0,0,0,2,0,0,0,0,0,0,0,0,0,0,0,0,0,0,0,0,0,0,0,0,0,0,0,0,0,0,0,0,0,0,0,0,0,0,0,0,0,2,0,0,0,0,0,0,0,0,0,0,0,0,1,0,0,0,0,0,0,0,0,0,0,0,0,0,0,0,1,0,0,0,2,0,1,0,0,0,0,0,0,0,0,0,0,0,0,0,0,0,0,0,0,0,0,0,0,0,0,2,0,0,0,2,1,1,0,0,0,0,0,0,2,0,0,0,0,1,0,0,0,0,0,0,0,0,0,0,0
"Q266",0,0,0,0,0,0,0,0,0,0,0,0,0,1,0,0,0,2,1,1,0,0,0,0,0,0,0,0,0,0,0,0,0,0,0,0,0,2,0,0,0,0,0,0,0,0,3,2,1,2,3,0,0,0,0,3,0,0,0,0,0,3,0,0,0,3,1,0,0,3,0,3,3,0,3,0,2,3,0,0,0,0,3,0,0,0,3,1,0,0,3,3,3,3,3,0,0,0,0,0,0,3,0,0,2,0,0,3,0,3,3,2,0,0,3,0,0,0,3,1,0,0,0,2,0,0,0,0,0,0,3,3,3,3,1,3,0,3,3,3,0,2,0,0,0
"Q267",0,0,0,0,0,0,0,0,0,0,0,0,0,1,0,0,0,2,0,0,0,0,0,0,0,0,0,0,0,0,0,0,0,0,0,0,0,3,0,0,0,1,0,0,0,0,0,3,0,2,3,0,0,0,0,0,0,3,3,0,3,3,0,0,0,3,3,0,0,3,0,3,3,0,3,1,3,3,0,0,0,3,3,0,3,0,0,0,0,0,2,3,3,3,3,0,0,0,0,0,0,3,2,0,1,0,3,3,0,3,1,3,0,0,3,0,0,0,3,1,2,0,0,3,0,0,0,0,0,0,2,3,3,0,2,2,0,2,2,3,0,3,0,1,0
